{
  "window_id": 26,
  "timestamp_start": 1755842757.7730749,
  "timestamp_end": 1755842762.2063549,
  "duration_seconds": 4.433279991149902,
  "frame_count": 150,
  "valid_frames": 150,
  "estimated_fps": 33.834993571225596,
  "breathing_analysis": {
    "mean_bpm": 31.530668258666992,
    "median_bpm": 21.549999237060547,
    "mode_bpm": 13.2,
    "bpm_std": 17.593547821044922,
    "bpm_range": 36.79999923706055,
    "bpm_iqr": 35.69999980926514,
    "mean_confidence": 0.1642666608095169,
    "confidence_stability": 0.926430381834507,
    "mean_variability": 13.250267028808594,
    "bpm_trend": 0.0029060847148762903,
    "bpm_acceleration": -2.400482215405744e-17,
    "max_bpm": 50.0,
    "min_bpm": 13.199999809265137,
    "bpm_spikes": 0,
    "time_slow_breathing": 0.0,
    "time_normal_breathing": 0.47333333333333333,
    "time_fast_breathing": 0.5266666666666666
  },
  "facial_analysis": {
    "mean_jaw_width": 0.09348493258158366,
    "jaw_width_std": 8.40536087580929e-05,
    "jaw_tension_episodes": 25,
    "mean_mouth_curvature": 0.010474399536848068,
    "smile_frequency": 0.3333333333333333,
    "frown_frequency": 0.0,
    "expression_stability": 0.9999650142772456,
    "mean_eyebrow_height": 0.5988386077483495,
    "eyebrow_height_std": 7.235657950904741e-05,
    "eyebrow_tension_episodes": 0,
    "facial_movement_intensity": 0.049390428702524004,
    "facial_stability_score": 0.9999362058708159
  },
  "eye_analysis": {
    "mean_eye_openness": 0.31593038079130153,
    "eye_openness_std": 0.0006588187194808342,
    "low_openness_episodes": 0,
    "blink_frequency": 29.421733540196172,
    "mean_asymmetry": 0.042803985106445445,
    "high_asymmetry_episodes": 0,
    "eye_fatigue_trend": 2.2178113905862046e-06,
    "eye_stability": 0.9991925514884696,
    "sustained_attention_score": 0.7574891923217918,
    "perclos": 0.0,
    "blink_rate_horizon_seconds": 9.133666753768921
  },
  "posture_analysis": {
    "mean_shoulder_height": 0.8639345655838648,
    "shoulder_height_std": 0.00012378082509131774,
    "shoulder_tension_trend": 6.309698049700003e-07,
    "mean_shoulder_asymmetry": 0.06029101490974426,
    "high_asymmetry_episodes": 150,
    "mean_head_distance": 0.15641219119230906,
    "head_forward_episodes": 0,
    "posture_stability": 0.999876234494705,
    "movement_intensity": 0.0014125103169942642
  },
  "behavioral_patterns": {
    "breathing_jaw_correlation": 0.005019697332302159,
    "breathing_eye_correlation": 0.046424572235051975,
    "jaw_eye_correlation": 0.5450861630061135,
    "physiological_coherence": 0.1988434775244892,
    "stress_response_coordination": 0.0,
    "behavioral_volatility": 2.4841011500384336
  }
}