{
  "window_id": 8,
  "timestamp_start": 1755848708.794058,
  "timestamp_end": 1755848713.29366,
  "duration_seconds": 4.4996018409729,
  "frame_count": 150,
  "valid_frames": 150,
  "estimated_fps": 33.336282920438826,
  "breathing_analysis": {
    "mean_bpm": 44.10533142089844,
    "median_bpm": 47.5,
    "mode_bpm": 44.59,
    "bpm_std": 8.942078590393066,
    "bpm_range": 29.100000381469727,
    "bpm_iqr": 0.0,
    "mean_confidence": 0.31825998425483704,
    "confidence_stability": 0.914102353155613,
    "mean_variability": 1.5148394107818604,
    "bpm_trend": -0.10731605849148843,
    "bpm_acceleration": 0.0033783783783783786,
    "max_bpm": 47.5,
    "min_bpm": 18.399999618530273,
    "bpm_spikes": 0,
    "time_slow_breathing": 0.0,
    "time_normal_breathing": 0.11333333333333333,
    "time_fast_breathing": 0.8866666666666667
  },
  "facial_analysis": {
    "mean_jaw_width": 0.07941814760367076,
    "jaw_width_std": 0.004919154904101931,
    "jaw_tension_episodes": 23,
    "mean_mouth_curvature": 0.0005058375398317972,
    "smile_frequency": 0.26666666666666666,
    "frown_frequency": 0.3,
    "expression_stability": 0.9976119586239481,
    "mean_eyebrow_height": 0.5818140672246616,
    "eyebrow_height_std": 0.01176444699445618,
    "eyebrow_tension_episodes": 0,
    "facial_movement_intensity": 0.22319676284715248,
    "facial_stability_score": 0.9939008699749143
  },
  "eye_analysis": {
    "mean_eye_openness": 0.32194210448793265,
    "eye_openness_std": 0.08239165066180455,
    "low_openness_episodes": 15,
    "blink_frequency": 6.517158898695513,
    "mean_asymmetry": 0.02785987863062066,
    "high_asymmetry_episodes": 11,
    "eye_fatigue_trend": -3.008136521107576e-05,
    "eye_stability": 0.9853681450692634,
    "sustained_attention_score": 0.7372301917318359,
    "perclos": 0.09,
    "blink_rate_horizon_seconds": 9.206465721130371
  },
  "posture_analysis": {
    "mean_shoulder_height": 0.9933007876078288,
    "shoulder_height_std": 0.005979668905476128,
    "shoulder_tension_trend": 9.743042366044792e-05,
    "mean_shoulder_asymmetry": 0.013400782744089762,
    "high_asymmetry_episodes": 0,
    "mean_head_distance": 0.268516704638799,
    "head_forward_episodes": 0,
    "posture_stability": 0.9940558749939926,
    "movement_intensity": 0.07431899962004913
  },
  "behavioral_patterns": {
    "breathing_jaw_correlation": 0.12490060412239058,
    "breathing_eye_correlation": 0.03916064772625268,
    "jaw_eye_correlation": 0.20689569048145945,
    "physiological_coherence": 0.12365231411003423,
    "stress_response_coordination": 0.5466666666666666,
    "behavioral_volatility": 0.8062263218205548
  }
}