{
  "window_id": 19,
  "timestamp_start": 1755848763.8999748,
  "timestamp_end": 1755848768.469877,
  "duration_seconds": 4.569902181625366,
  "frame_count": 150,
  "valid_frames": 150,
  "estimated_fps": 32.823459679972814,
  "breathing_analysis": {
    "mean_bpm": 44.35865783691406,
    "median_bpm": 45.29999923706055,
    "mode_bpm": 44.99,
    "bpm_std": 2.4144060611724854,
    "bpm_range": 16.700000762939453,
    "bpm_iqr": 1.8999977111816406,
    "mean_confidence": 0.30835992097854614,
    "confidence_stability": 0.9504973739385605,
    "mean_variability": 2.3032941818237305,
    "bpm_trend": -0.008895328681274753,
    "bpm_acceleration": 0.0,
    "max_bpm": 50.0,
    "min_bpm": 33.29999923706055,
    "bpm_spikes": 5,
    "time_slow_breathing": 0.0,
    "time_normal_breathing": 0.0,
    "time_fast_breathing": 1.0
  },
  "facial_analysis": {
    "mean_jaw_width": 0.069739115635554,
    "jaw_width_std": 0.005311852341426893,
    "jaw_tension_episodes": 37,
    "mean_mouth_curvature": 0.0014630849758783962,
    "smile_frequency": 0.32,
    "frown_frequency": 0.0,
    "expression_stability": 0.9988638204939254,
    "mean_eyebrow_height": 0.5902229085365931,
    "eyebrow_height_std": 0.004264154422554699,
    "eyebrow_tension_episodes": 0,
    "facial_movement_intensity": 0.1986421611783643,
    "facial_stability_score": 0.9964652367304158
  },
  "eye_analysis": {
    "mean_eye_openness": 0.3666902526255338,
    "eye_openness_std": 0.08626393386691264,
    "low_openness_episodes": 10,
    "blink_frequency": 46.33900190113809,
    "mean_asymmetry": 0.02484404717448997,
    "high_asymmetry_episodes": 17,
    "eye_fatigue_trend": -0.0006321072324783188,
    "eye_stability": 0.9792963281240952,
    "sustained_attention_score": 0.7518607571947103,
    "perclos": 0.09333333333333334,
    "blink_rate_horizon_seconds": 9.363195896148682
  },
  "posture_analysis": {
    "mean_shoulder_height": 0.9775284000237783,
    "shoulder_height_std": 0.0060137226091232015,
    "shoulder_tension_trend": 0.00013122413024790585,
    "mean_shoulder_asymmetry": 0.009189277489980063,
    "high_asymmetry_episodes": 0,
    "mean_head_distance": 0.26215880115826923,
    "head_forward_episodes": 0,
    "posture_stability": 0.994022226065141,
    "movement_intensity": 0.03890545915901676
  },
  "behavioral_patterns": {
    "breathing_jaw_correlation": -0.16715316469563998,
    "breathing_eye_correlation": 0.1468049810928679,
    "jaw_eye_correlation": -0.4058064412150447,
    "physiological_coherence": 0.23992152900118421,
    "stress_response_coordination": 1.0,
    "behavioral_volatility": 0.46073182623364395
  }
}