{
  "window_id": 6,
  "timestamp_start": 1755842657.3237472,
  "timestamp_end": 1755842661.7831218,
  "duration_seconds": 4.459374666213989,
  "frame_count": 150,
  "valid_frames": 150,
  "estimated_fps": 33.63700321851405,
  "breathing_analysis": {
    "mean_bpm": 33.63933181762695,
    "median_bpm": 24.149999618530273,
    "mode_bpm": 21.92,
    "bpm_std": 12.780599594116211,
    "bpm_range": 32.599998474121094,
    "bpm_iqr": 25.200000762939453,
    "mean_confidence": 0.22783999145030975,
    "confidence_stability": 0.9197900965809822,
    "mean_variability": 6.189619064331055,
    "bpm_trend": -0.18464198408818147,
    "bpm_acceleration": -0.19864864864864862,
    "max_bpm": 48.0,
    "min_bpm": 15.399999618530273,
    "bpm_spikes": 0,
    "time_slow_breathing": 0.0,
    "time_normal_breathing": 0.12666666666666668,
    "time_fast_breathing": 0.8733333333333333
  },
  "facial_analysis": {
    "mean_jaw_width": 0.09346470554669697,
    "jaw_width_std": 7.377905643679556e-05,
    "jaw_tension_episodes": 30,
    "mean_mouth_curvature": 0.01045716772476832,
    "smile_frequency": 0.29333333333333333,
    "frown_frequency": 0.0,
    "expression_stability": 0.9999684374277945,
    "mean_eyebrow_height": 0.598839473048846,
    "eyebrow_height_std": 8.452929470767487e-05,
    "eyebrow_tension_episodes": 0,
    "facial_movement_intensity": 0.050097029714452755,
    "facial_stability_score": 0.99993671422012
  },
  "eye_analysis": {
    "mean_eye_openness": 0.3156950823511737,
    "eye_openness_std": 0.0006886653708137866,
    "low_openness_episodes": 0,
    "blink_frequency": 0.0,
    "mean_asymmetry": 0.04286952308521359,
    "high_asymmetry_episodes": 0,
    "eye_fatigue_trend": 8.089092497656047e-07,
    "eye_stability": 0.9993085995484299,
    "sustained_attention_score": 0.7573789646317154,
    "perclos": 0.0,
    "blink_rate_horizon_seconds": 9.194008827209473
  },
  "posture_analysis": {
    "mean_shoulder_height": 0.855168819228808,
    "shoulder_height_std": 0.002141311616603134,
    "shoulder_tension_trend": 3.655787340624796e-05,
    "mean_shoulder_asymmetry": 0.05339130679766337,
    "high_asymmetry_episodes": 150,
    "mean_head_distance": 0.13347526490688325,
    "head_forward_episodes": 0,
    "posture_stability": 0.9978632638014404,
    "movement_intensity": 0.0317832227170957
  },
  "behavioral_patterns": {
    "breathing_jaw_correlation": -0.08065767524985333,
    "breathing_eye_correlation": -0.035156168919217246,
    "jaw_eye_correlation": 0.5875424060624571,
    "physiological_coherence": 0.23445208341050924,
    "stress_response_coordination": 0.0,
    "behavioral_volatility": 1.5809779068915788
  }
}