{
  "window_id": 13,
  "timestamp_start": 1755842692.405744,
  "timestamp_end": 1755842696.883563,
  "duration_seconds": 4.477818965911865,
  "frame_count": 150,
  "valid_frames": 150,
  "estimated_fps": 33.49845117498044,
  "breathing_analysis": {
    "mean_bpm": 31.1546688079834,
    "median_bpm": 32.099998474121094,
    "mode_bpm": 12.2,
    "bpm_std": 16.346059799194336,
    "bpm_range": 37.79999923706055,
    "bpm_iqr": 36.19999980926514,
    "mean_confidence": 0.12470666319131851,
    "confidence_stability": 0.9288904592394829,
    "mean_variability": 10.017593383789062,
    "bpm_trend": 0.07279150184452642,
    "bpm_acceleration": -0.012837837837837877,
    "max_bpm": 50.0,
    "min_bpm": 12.199999809265137,
    "bpm_spikes": 0,
    "time_slow_breathing": 0.0,
    "time_normal_breathing": 0.44,
    "time_fast_breathing": 0.56
  },
  "facial_analysis": {
    "mean_jaw_width": 0.09347675720850626,
    "jaw_width_std": 7.539808235582395e-05,
    "jaw_tension_episodes": 23,
    "mean_mouth_curvature": 0.010465079069137571,
    "smile_frequency": 0.3,
    "frown_frequency": 0.0,
    "expression_stability": 0.9999608368653766,
    "mean_eyebrow_height": 0.5988386421004932,
    "eyebrow_height_std": 8.135557026523797e-05,
    "eyebrow_tension_episodes": 0,
    "facial_movement_intensity": 0.048448898153758475,
    "facial_stability_score": 0.9999346990163597
  },
  "eye_analysis": {
    "mean_eye_openness": 0.31573074548933805,
    "eye_openness_std": 0.000789246536012825,
    "low_openness_episodes": 0,
    "blink_frequency": 37.22050130553382,
    "mean_asymmetry": 0.04285606834430565,
    "high_asymmetry_episodes": 0,
    "eye_fatigue_trend": -2.2928826304855777e-06,
    "eye_stability": 0.9991559323929623,
    "sustained_attention_score": 0.7573618102030065,
    "perclos": 0.0,
    "blink_rate_horizon_seconds": 9.15315294265747
  },
  "posture_analysis": {
    "mean_shoulder_height": 0.8660814672708511,
    "shoulder_height_std": 0.0004605037735855639,
    "shoulder_tension_trend": -1.0575702272099204e-05,
    "mean_shoulder_asymmetry": 0.06348249475161234,
    "high_asymmetry_episodes": 150,
    "mean_head_distance": 0.1477549570798874,
    "head_forward_episodes": 0,
    "posture_stability": 0.9995397081925287,
    "movement_intensity": 0.001714337183396903
  },
  "behavioral_patterns": {
    "breathing_jaw_correlation": -0.09910339911462931,
    "breathing_eye_correlation": -0.08938665011055885,
    "jaw_eye_correlation": 0.49579505620427466,
    "physiological_coherence": 0.2280950351431543,
    "stress_response_coordination": 0.0,
    "behavioral_volatility": 2.416293279060041
  }
}