{
  "window_id": 16,
  "timestamp_start": 1755842707.559136,
  "timestamp_end": 1755842711.916765,
  "duration_seconds": 4.357629060745239,
  "frame_count": 150,
  "valid_frames": 150,
  "estimated_fps": 34.42238839263365,
  "breathing_analysis": {
    "mean_bpm": 33.37266540527344,
    "median_bpm": 50.0,
    "mode_bpm": 46.22,
    "bpm_std": 18.508506774902344,
    "bpm_range": 37.79999923706055,
    "bpm_iqr": 37.10000038146973,
    "mean_confidence": 0.10540667176246643,
    "confidence_stability": 0.9298629835247993,
    "mean_variability": 10.197295188903809,
    "bpm_trend": 0.019129916885194973,
    "bpm_acceleration": 1.4402893292434464e-16,
    "max_bpm": 50.0,
    "min_bpm": 12.199999809265137,
    "bpm_spikes": 0,
    "time_slow_breathing": 0.0,
    "time_normal_breathing": 0.44666666666666666,
    "time_fast_breathing": 0.5533333333333333
  },
  "facial_analysis": {
    "mean_jaw_width": 0.0934899350007375,
    "jaw_width_std": 8.531299554739489e-05,
    "jaw_tension_episodes": 29,
    "mean_mouth_curvature": 0.010470203121503197,
    "smile_frequency": 0.32,
    "frown_frequency": 0.0,
    "expression_stability": 0.9999713688273136,
    "mean_eyebrow_height": 0.598844651858012,
    "eyebrow_height_std": 7.710388292034912e-05,
    "eyebrow_tension_episodes": 0,
    "facial_movement_intensity": 0.04999732487574035,
    "facial_stability_score": 0.9999363219969344
  },
  "eye_analysis": {
    "mean_eye_openness": 0.3158510817251889,
    "eye_openness_std": 0.0005975791156517657,
    "low_openness_episodes": 0,
    "blink_frequency": 29.93251164576839,
    "mean_asymmetry": 0.04280271410798431,
    "high_asymmetry_episodes": 0,
    "eye_fatigue_trend": -2.2640158639527963e-06,
    "eye_stability": 0.999297260416971,
    "sustained_attention_score": 0.7574835961671843,
    "perclos": 0.0,
    "blink_rate_horizon_seconds": 9.038196086883545
  },
  "posture_analysis": {
    "mean_shoulder_height": 0.863501923084259,
    "shoulder_height_std": 8.208904356459458e-05,
    "shoulder_tension_trend": 1.2689324727458577e-06,
    "mean_shoulder_asymmetry": 0.060230337778727217,
    "high_asymmetry_episodes": 150,
    "mean_head_distance": 0.15606862902641297,
    "head_forward_episodes": 0,
    "posture_stability": 0.9999179176944933,
    "movement_intensity": 0.0008701734378672191
  },
  "behavioral_patterns": {
    "breathing_jaw_correlation": 0.0008603558324777824,
    "breathing_eye_correlation": -0.056181559681131504,
    "jaw_eye_correlation": 0.5853564169943953,
    "physiological_coherence": 0.2141327775026682,
    "stress_response_coordination": 0.0,
    "behavioral_volatility": 2.2874922715558035
  }
}