{
  "window_id": 6,
  "timestamp_start": 1755848698.8718169,
  "timestamp_end": 1755848703.215203,
  "duration_seconds": 4.343386173248291,
  "frame_count": 150,
  "valid_frames": 150,
  "estimated_fps": 34.53526672895848,
  "breathing_analysis": {
    "mean_bpm": 38.0073356628418,
    "median_bpm": 42.79999923706055,
    "mode_bpm": 42.6,
    "bpm_std": 11.347528457641602,
    "bpm_range": 37.0,
    "bpm_iqr": 0.0,
    "mean_confidence": 0.2604999542236328,
    "confidence_stability": 0.925982266664505,
    "mean_variability": 5.691848278045654,
    "bpm_trend": 0.13366194053069033,
    "bpm_acceleration": 0.0,
    "max_bpm": 50.0,
    "min_bpm": 13.0,
    "bpm_spikes": 0,
    "time_slow_breathing": 0.0,
    "time_normal_breathing": 0.18,
    "time_fast_breathing": 0.82
  },
  "facial_analysis": {
    "mean_jaw_width": 0.07365659753481547,
    "jaw_width_std": 0.005744261685246193,
    "jaw_tension_episodes": 33,
    "mean_mouth_curvature": 0.0011327730317910508,
    "smile_frequency": 0.35333333333333333,
    "frown_frequency": 0.16666666666666666,
    "expression_stability": 0.9969705458563088,
    "mean_eyebrow_height": 0.5776757703820865,
    "eyebrow_height_std": 0.01788746408644002,
    "eyebrow_tension_episodes": 0,
    "facial_movement_intensity": 0.14685657496522955,
    "facial_stability_score": 0.9915984408320417
  },
  "eye_analysis": {
    "mean_eye_openness": 0.3767722175413036,
    "eye_openness_std": 0.06278657526342069,
    "low_openness_episodes": 6,
    "blink_frequency": 24.37783533808834,
    "mean_asymmetry": 0.028698944866401305,
    "high_asymmetry_episodes": 13,
    "eye_fatigue_trend": -0.0002495453751837338,
    "eye_stability": 0.9839190429429785,
    "sustained_attention_score": 0.7617622324704939,
    "perclos": 0.02666666666666667,
    "blink_rate_horizon_seconds": 8.905063152313232
  },
  "posture_analysis": {
    "mean_shoulder_height": 0.9752176713943481,
    "shoulder_height_std": 0.006906143134344208,
    "shoulder_tension_trend": -0.00014255135020889702,
    "mean_shoulder_asymmetry": 0.007532729307810466,
    "high_asymmetry_episodes": 0,
    "mean_head_distance": 0.25942217230796816,
    "head_forward_episodes": 0,
    "posture_stability": 0.9931412245506354,
    "movement_intensity": 0.05983864666474698
  },
  "behavioral_patterns": {
    "breathing_jaw_correlation": 0.027876700986618364,
    "breathing_eye_correlation": -0.27656862139728833,
    "jaw_eye_correlation": 0.19013574755003215,
    "physiological_coherence": 0.1648603566446463,
    "stress_response_coordination": 0.6666666666666666,
    "behavioral_volatility": 1.2854531707365908
  }
}