{
  "window_id": 9,
  "timestamp_start": 1755848713.873916,
  "timestamp_end": 1755848718.302756,
  "duration_seconds": 4.428840160369873,
  "frame_count": 150,
  "valid_frames": 150,
  "estimated_fps": 33.86891252979263,
  "breathing_analysis": {
    "mean_bpm": 26.454669952392578,
    "median_bpm": 20.899999618530273,
    "mode_bpm": 12.2,
    "bpm_std": 14.454681396484375,
    "bpm_range": 37.79999923706055,
    "bpm_iqr": 30.274999141693115,
    "mean_confidence": 0.17898663878440857,
    "confidence_stability": 0.8654404282569885,
    "mean_variability": 9.278324127197266,
    "bpm_trend": 0.15014107293657494,
    "bpm_acceleration": -0.0027027027027027293,
    "max_bpm": 50.0,
    "min_bpm": 12.199999809265137,
    "bpm_spikes": 0,
    "time_slow_breathing": 0.0,
    "time_normal_breathing": 0.46,
    "time_fast_breathing": 0.54
  },
  "facial_analysis": {
    "mean_jaw_width": 0.07631661574045817,
    "jaw_width_std": 0.002756215858706205,
    "jaw_tension_episodes": 16,
    "mean_mouth_curvature": 0.0005788121124108603,
    "smile_frequency": 0.12,
    "frown_frequency": 0.0,
    "expression_stability": 0.9986603018442496,
    "mean_eyebrow_height": 0.5955640319387118,
    "eyebrow_height_std": 0.009505496930868112,
    "eyebrow_tension_episodes": 0,
    "facial_movement_intensity": 0.18098527435507406,
    "facial_stability_score": 0.9954846714740855
  },
  "eye_analysis": {
    "mean_eye_openness": 0.3655828559571822,
    "eye_openness_std": 0.05731850628774714,
    "low_openness_episodes": 5,
    "blink_frequency": 36.28812056763496,
    "mean_asymmetry": 0.021860998707412285,
    "high_asymmetry_episodes": 12,
    "eye_fatigue_trend": -0.00018744558950414207,
    "eye_stability": 0.9811467515007481,
    "sustained_attention_score": 0.7621344503206743,
    "perclos": 0.08333333333333333,
    "blink_rate_horizon_seconds": 9.193367958068848
  },
  "posture_analysis": {
    "mean_shoulder_height": 0.99807422041893,
    "shoulder_height_std": 0.003084237374488236,
    "shoulder_tension_trend": -4.377534502987991e-05,
    "mean_shoulder_asymmetry": 0.010488293965657551,
    "high_asymmetry_episodes": 0,
    "mean_head_distance": 0.25338846604029336,
    "head_forward_episodes": 0,
    "posture_stability": 0.9969252458970336,
    "movement_intensity": 0.06765495065427789
  },
  "behavioral_patterns": {
    "breathing_jaw_correlation": 0.026542046957228817,
    "breathing_eye_correlation": -0.09662749580648064,
    "jaw_eye_correlation": 0.06624463628138257,
    "physiological_coherence": 0.06313805968169733,
    "stress_response_coordination": 0.3333333333333333,
    "behavioral_volatility": 1.9342200552145135
  }
}