{
  "window_id": 18,
  "timestamp_start": 1755848758.930263,
  "timestamp_end": 1755848763.4594402,
  "duration_seconds": 4.529177188873291,
  "frame_count": 150,
  "valid_frames": 150,
  "estimated_fps": 33.11859831152135,
  "breathing_analysis": {
    "mean_bpm": 33.539337158203125,
    "median_bpm": 26.700000762939453,
    "mode_bpm": 46.22,
    "bpm_std": 16.204763412475586,
    "bpm_range": 37.79999923706055,
    "bpm_iqr": 35.0,
    "mean_confidence": 0.14960666000843048,
    "confidence_stability": 0.8796318396925926,
    "mean_variability": 12.359454154968262,
    "bpm_trend": 0.1478823058802613,
    "bpm_acceleration": -0.004729729729729605,
    "max_bpm": 50.0,
    "min_bpm": 12.199999809265137,
    "bpm_spikes": 0,
    "time_slow_breathing": 0.0,
    "time_normal_breathing": 0.32,
    "time_fast_breathing": 0.68
  },
  "facial_analysis": {
    "mean_jaw_width": 0.06697152078151702,
    "jaw_width_std": 0.0036279235298700436,
    "jaw_tension_episodes": 35,
    "mean_mouth_curvature": 0.00023208343982696592,
    "smile_frequency": 0.22,
    "frown_frequency": 0.0,
    "expression_stability": 0.9986403467040263,
    "mean_eyebrow_height": 0.5803415166735649,
    "eyebrow_height_std": 0.0031069854156906373,
    "eyebrow_tension_episodes": 0,
    "facial_movement_intensity": 0.1399820625883214,
    "facial_stability_score": 0.9973924488079211
  },
  "eye_analysis": {
    "mean_eye_openness": 0.3529514211667204,
    "eye_openness_std": 0.08202433045710618,
    "low_openness_episodes": 10,
    "blink_frequency": 40.55338568757717,
    "mean_asymmetry": 0.023625951885338115,
    "high_asymmetry_episodes": 7,
    "eye_fatigue_trend": -0.00010109371774588218,
    "eye_stability": 0.986464949470505,
    "sustained_attention_score": 0.749100379608092,
    "perclos": 0.06333333333333334,
    "blink_rate_horizon_seconds": 9.281511306762695
  },
  "posture_analysis": {
    "mean_shoulder_height": 0.9792332992951075,
    "shoulder_height_std": 0.00943217172226007,
    "shoulder_tension_trend": -0.000192187382457595,
    "mean_shoulder_asymmetry": 0.009883217414220173,
    "high_asymmetry_episodes": 0,
    "mean_head_distance": 0.2755107329289119,
    "head_forward_episodes": 0,
    "posture_stability": 0.9906559628408046,
    "movement_intensity": 0.051488703236922555
  },
  "behavioral_patterns": {
    "breathing_jaw_correlation": -0.08413380614588445,
    "breathing_eye_correlation": -0.2583923564045806,
    "jaw_eye_correlation": 0.12080283416225605,
    "physiological_coherence": 0.15444299890424038,
    "stress_response_coordination": 0.68,
    "behavioral_volatility": 3.0115685594807164
  }
}