{
  "window_id": 1,
  "timestamp_start": 1755848673.6428192,
  "timestamp_end": 1755848677.996872,
  "duration_seconds": 4.354052782058716,
  "frame_count": 150,
  "valid_frames": 150,
  "estimated_fps": 34.45066183351959,
  "breathing_analysis": {
    "mean_bpm": 42.75600051879883,
    "median_bpm": 41.0,
    "mode_bpm": 41.0,
    "bpm_std": 2.5084781646728516,
    "bpm_range": 9.0,
    "bpm_iqr": 2.700000762939453,
    "mean_confidence": 0.3618333041667938,
    "confidence_stability": 0.8592433631420135,
    "mean_variability": 2.8560373783111572,
    "bpm_trend": 0.02895488688386156,
    "bpm_acceleration": -0.030405405405405407,
    "max_bpm": 50.0,
    "min_bpm": 41.0,
    "bpm_spikes": 5,
    "time_slow_breathing": 0.0,
    "time_normal_breathing": 0.0,
    "time_fast_breathing": 1.0
  },
  "facial_analysis": {
    "mean_jaw_width": 0.07447810769081116,
    "jaw_width_std": 0.005123481405334591,
    "jaw_tension_episodes": 32,
    "mean_mouth_curvature": 0.0027403133114178974,
    "smile_frequency": 0.22666666666666666,
    "frown_frequency": 0.0,
    "expression_stability": 0.9979780582954831,
    "mean_eyebrow_height": 0.5788843706846237,
    "eyebrow_height_std": 0.0046331357153272055,
    "eyebrow_tension_episodes": 0,
    "facial_movement_intensity": 0.15157899494710894,
    "facial_stability_score": 0.9960910014598979
  },
  "eye_analysis": {
    "mean_eye_openness": 0.34574668287310584,
    "eye_openness_std": 0.09202789292871591,
    "low_openness_episodes": 16,
    "blink_frequency": 27.197890921199676,
    "mean_asymmetry": 0.02718701016811649,
    "high_asymmetry_episodes": 12,
    "eye_fatigue_trend": 0.0007106097043114941,
    "eye_stability": 0.9843326087025498,
    "sustained_attention_score": 0.7421772599254245,
    "perclos": 0.10666666666666667,
    "blink_rate_horizon_seconds": 8.987218856811523
  },
  "posture_analysis": {
    "mean_shoulder_height": 0.9579328459501266,
    "shoulder_height_std": 0.002147745652603045,
    "shoulder_tension_trend": -1.915226603005484e-05,
    "mean_shoulder_asymmetry": 0.002408773501714071,
    "high_asymmetry_episodes": 0,
    "mean_head_distance": 0.251629930138588,
    "head_forward_episodes": 0,
    "posture_stability": 0.997856857272872,
    "movement_intensity": 0.02474007282319642
  },
  "behavioral_patterns": {
    "breathing_jaw_correlation": -0.030411899056199482,
    "breathing_eye_correlation": 0.29012049143303276,
    "jaw_eye_correlation": 0.3843357423977437,
    "physiological_coherence": 0.23495604429565864,
    "stress_response_coordination": 0.8,
    "behavioral_volatility": 0.3097453882012005
  }
}