{
  "window_id": 15,
  "timestamp_start": 1755842702.549576,
  "timestamp_end": 1755842706.906183,
  "duration_seconds": 4.356606960296631,
  "frame_count": 150,
  "valid_frames": 150,
  "estimated_fps": 34.430464204599,
  "breathing_analysis": {
    "mean_bpm": 34.67266845703125,
    "median_bpm": 50.0,
    "mode_bpm": 46.29,
    "bpm_std": 17.424203872680664,
    "bpm_range": 37.099998474121094,
    "bpm_iqr": 36.0,
    "mean_confidence": 0.14688000082969666,
    "confidence_stability": 0.9000798389315605,
    "mean_variability": 6.811956405639648,
    "bpm_trend": 0.050457175874483416,
    "bpm_acceleration": 0.0013513513513514065,
    "max_bpm": 50.0,
    "min_bpm": 12.899999618530273,
    "bpm_spikes": 0,
    "time_slow_breathing": 0.0,
    "time_normal_breathing": 0.37333333333333335,
    "time_fast_breathing": 0.6266666666666667
  },
  "facial_analysis": {
    "mean_jaw_width": 0.09346036990483601,
    "jaw_width_std": 7.330084748137711e-05,
    "jaw_tension_episodes": 27,
    "mean_mouth_curvature": 0.01045529374480248,
    "smile_frequency": 0.3,
    "frown_frequency": 0.0,
    "expression_stability": 0.9999650861683813,
    "mean_eyebrow_height": 0.5988386856118838,
    "eyebrow_height_std": 8.733647424080984e-05,
    "eyebrow_tension_episodes": 0,
    "facial_movement_intensity": 0.04914762153851152,
    "facial_stability_score": 0.9999348210217355
  },
  "eye_analysis": {
    "mean_eye_openness": 0.3156676903081284,
    "eye_openness_std": 0.0007668648640550618,
    "low_openness_episodes": 0,
    "blink_frequency": 6.6519828259964875,
    "mean_asymmetry": 0.04288821669713522,
    "high_asymmetry_episodes": 0,
    "eye_fatigue_trend": 2.666913251883097e-06,
    "eye_stability": 0.999314692858028,
    "sustained_attention_score": 0.7573375362489795,
    "perclos": 0.0,
    "blink_rate_horizon_seconds": 9.019866943359375
  },
  "posture_analysis": {
    "mean_shoulder_height": 0.8624760915835699,
    "shoulder_height_std": 0.00036440012478329147,
    "shoulder_tension_trend": 9.905767417511085e-07,
    "mean_shoulder_asymmetry": 0.059553749958674115,
    "high_asymmetry_episodes": 150,
    "mean_head_distance": 0.1482651295264562,
    "head_forward_episodes": 0,
    "posture_stability": 0.9996357326142975,
    "movement_intensity": 0.0027901369725480485
  },
  "behavioral_patterns": {
    "breathing_jaw_correlation": 0.233799434955818,
    "breathing_eye_correlation": 0.058370272733329,
    "jaw_eye_correlation": 0.5561185335517397,
    "physiological_coherence": 0.2827627470802956,
    "stress_response_coordination": 0.0,
    "behavioral_volatility": 2.1117921492766607
  }
}