{
  "window_id": 3,
  "timestamp_start": 1755842642.344544,
  "timestamp_end": 1755842646.71764,
  "duration_seconds": 4.373095989227295,
  "frame_count": 150,
  "valid_frames": 150,
  "estimated_fps": 34.30064200957644,
  "breathing_analysis": {
    "mean_bpm": 43.120670318603516,
    "median_bpm": 45.70000076293945,
    "mode_bpm": 42.6,
    "bpm_std": 9.112163543701172,
    "bpm_range": 37.0,
    "bpm_iqr": 0.5,
    "mean_confidence": 0.555079996585846,
    "confidence_stability": 0.6942995190620422,
    "mean_variability": 2.929718017578125,
    "bpm_trend": -0.07383670385350473,
    "bpm_acceleration": -0.0006756756756756613,
    "max_bpm": 50.0,
    "min_bpm": 13.0,
    "bpm_spikes": 0,
    "time_slow_breathing": 0.0,
    "time_normal_breathing": 0.09333333333333334,
    "time_fast_breathing": 0.9066666666666666
  },
  "facial_analysis": {
    "mean_jaw_width": 0.09348598559697469,
    "jaw_width_std": 8.035646568524216e-05,
    "jaw_tension_episodes": 27,
    "mean_mouth_curvature": 0.010476602832476298,
    "smile_frequency": 0.29333333333333333,
    "frown_frequency": 0.0,
    "expression_stability": 0.9999648035270532,
    "mean_eyebrow_height": 0.5988406739036242,
    "eyebrow_height_std": 6.532044299919429e-05,
    "eyebrow_tension_episodes": 0,
    "facial_movement_intensity": 0.0465545559637533,
    "facial_stability_score": 0.9999397128600803
  },
  "eye_analysis": {
    "mean_eye_openness": 0.31596262822874294,
    "eye_openness_std": 0.0006352778841969604,
    "low_openness_episodes": 0,
    "blink_frequency": 20.17684824092732,
    "mean_asymmetry": 0.04277983345585506,
    "high_asymmetry_episodes": 0,
    "eye_fatigue_trend": 2.9900088329957364e-06,
    "eye_stability": 0.9991958900907032,
    "sustained_attention_score": 0.757515838962897,
    "perclos": 0.0,
    "blink_rate_horizon_seconds": 9.061882972717285
  },
  "posture_analysis": {
    "mean_shoulder_height": 0.8538624932368596,
    "shoulder_height_std": 0.00117557298382256,
    "shoulder_tension_trend": -7.2838828385547655e-06,
    "mean_shoulder_asymmetry": 0.05835588494936625,
    "high_asymmetry_episodes": 150,
    "mean_head_distance": 0.13284985880057018,
    "head_forward_episodes": 0,
    "posture_stability": 0.9988258073653166,
    "movement_intensity": 0.03034155862836022
  },
  "behavioral_patterns": {
    "breathing_jaw_correlation": 0.04878030616022935,
    "breathing_eye_correlation": 0.021608772932494302,
    "jaw_eye_correlation": 0.587593032066014,
    "physiological_coherence": 0.21932737038624586,
    "stress_response_coordination": 0.0,
    "behavioral_volatility": 1.4662055392290994
  }
}