{
  "window_id": 21,
  "timestamp_start": 1755848774.144881,
  "timestamp_end": 1755848778.54627,
  "duration_seconds": 4.401388883590698,
  "frame_count": 150,
  "valid_frames": 150,
  "estimated_fps": 34.08015150836398,
  "breathing_analysis": {
    "mean_bpm": 35.49066925048828,
    "median_bpm": 41.0,
    "mode_bpm": 38.940000000000005,
    "bpm_std": 10.267043113708496,
    "bpm_range": 27.600000381469727,
    "bpm_iqr": 1.7999992370605469,
    "mean_confidence": 0.6440399885177612,
    "confidence_stability": 0.6945984661579132,
    "mean_variability": 2.556978940963745,
    "bpm_trend": -0.1675398906618068,
    "bpm_acceleration": -0.0006756756756756613,
    "max_bpm": 41.70000076293945,
    "min_bpm": 14.100000381469727,
    "bpm_spikes": 0,
    "time_slow_breathing": 0.0,
    "time_normal_breathing": 0.2,
    "time_fast_breathing": 0.8
  },
  "facial_analysis": {
    "mean_jaw_width": 0.06899974445501963,
    "jaw_width_std": 0.002662808852610874,
    "jaw_tension_episodes": 35,
    "mean_mouth_curvature": -0.0006127062936623928,
    "smile_frequency": 0.09333333333333334,
    "frown_frequency": 0.2,
    "expression_stability": 0.9989008361333532,
    "mean_eyebrow_height": 0.5769506188035012,
    "eyebrow_height_std": 0.030922274339347036,
    "eyebrow_tension_episodes": 0,
    "facial_movement_intensity": 0.19001690074400368,
    "facial_stability_score": 0.9889470025018204
  },
  "eye_analysis": {
    "mean_eye_openness": 0.3564258917702002,
    "eye_openness_std": 0.043303061406636624,
    "low_openness_episodes": 0,
    "blink_frequency": 81.79236362007357,
    "mean_asymmetry": 0.030940665706983783,
    "high_asymmetry_episodes": 28,
    "eye_fatigue_trend": 0.0008306866800493451,
    "eye_stability": 0.9809668777847708,
    "sustained_attention_score": 0.7607273882188599,
    "perclos": 0.06,
    "blink_rate_horizon_seconds": 9.080853939056396
  },
  "posture_analysis": {
    "mean_shoulder_height": 0.9754248197873433,
    "shoulder_height_std": 0.004965717568068533,
    "shoulder_tension_trend": -5.849511036634635e-05,
    "mean_shoulder_asymmetry": 0.009166195392608642,
    "high_asymmetry_episodes": 0,
    "mean_head_distance": 0.2757687842845917,
    "head_forward_episodes": 0,
    "posture_stability": 0.9950588189415205,
    "movement_intensity": 0.0654251256868463
  },
  "behavioral_patterns": {
    "breathing_jaw_correlation": 0.05769785502984891,
    "breathing_eye_correlation": -0.6930719460168648,
    "jaw_eye_correlation": -0.40819728992896087,
    "physiological_coherence": 0.3863223636585582,
    "stress_response_coordination": 0.8,
    "behavioral_volatility": 0.7594358168979732
  }
}