{
  "window_id": 20,
  "timestamp_start": 1755848769.0442839,
  "timestamp_end": 1755848773.476013,
  "duration_seconds": 4.431729078292847,
  "frame_count": 150,
  "valid_frames": 150,
  "estimated_fps": 33.84683435066427,
  "breathing_analysis": {
    "mean_bpm": 37.03333282470703,
    "median_bpm": 43.400001525878906,
    "mode_bpm": 42.44,
    "bpm_std": 14.283356666564941,
    "bpm_range": 37.79999923706055,
    "bpm_iqr": 30.100000381469727,
    "mean_confidence": 0.20319333672523499,
    "confidence_stability": 0.8815465345978737,
    "mean_variability": 9.410564422607422,
    "bpm_trend": -0.05023761056046908,
    "bpm_acceleration": -2.400482215405744e-17,
    "max_bpm": 50.0,
    "min_bpm": 12.199999809265137,
    "bpm_spikes": 0,
    "time_slow_breathing": 0.0,
    "time_normal_breathing": 0.26666666666666666,
    "time_fast_breathing": 0.7333333333333333
  },
  "facial_analysis": {
    "mean_jaw_width": 0.07093866765499116,
    "jaw_width_std": 0.005911043835086848,
    "jaw_tension_episodes": 0,
    "mean_mouth_curvature": 0.00012165020902951721,
    "smile_frequency": 0.14,
    "frown_frequency": 0.0,
    "expression_stability": 0.9986120944621809,
    "mean_eyebrow_height": 0.575209080795447,
    "eyebrow_height_std": 0.008289484417654576,
    "eyebrow_tension_episodes": 0,
    "facial_movement_intensity": 0.14620533913579148,
    "facial_stability_score": 0.9948467054014724
  },
  "eye_analysis": {
    "mean_eye_openness": 0.31827653098699404,
    "eye_openness_std": 0.06752520922817663,
    "low_openness_episodes": 11,
    "blink_frequency": 18.378371593120868,
    "mean_asymmetry": 0.03416577308681256,
    "high_asymmetry_episodes": 18,
    "eye_fatigue_trend": -4.4646277098196906e-05,
    "eye_stability": 0.985600796320434,
    "sustained_attention_score": 0.738861849557335,
    "perclos": 0.08333333333333333,
    "blink_rate_horizon_seconds": 9.183390855789185
  },
  "posture_analysis": {
    "mean_shoulder_height": 0.981113267938296,
    "shoulder_height_std": 0.005599826453546913,
    "shoulder_tension_trend": 9.270866885016444e-05,
    "mean_shoulder_asymmetry": 0.020556810299555462,
    "high_asymmetry_episodes": 13,
    "mean_head_distance": 0.28408147315184273,
    "head_forward_episodes": 0,
    "posture_stability": 0.9944313569809416,
    "movement_intensity": 0.04472882705238009
  },
  "behavioral_patterns": {
    "breathing_jaw_correlation": -0.4182097636905855,
    "breathing_eye_correlation": 0.46458322238486477,
    "jaw_eye_correlation": -0.06731215148389282,
    "physiological_coherence": 0.316701712519781,
    "stress_response_coordination": 0.74,
    "behavioral_volatility": 1.886808169525193
  }
}