{
  "window_id": 23,
  "timestamp_start": 1755842742.7548869,
  "timestamp_end": 1755842747.112128,
  "duration_seconds": 4.357241153717041,
  "frame_count": 150,
  "valid_frames": 150,
  "estimated_fps": 34.42545287447292,
  "breathing_analysis": {
    "mean_bpm": 25.137332916259766,
    "median_bpm": 14.899999618530273,
    "mode_bpm": 13.0,
    "bpm_std": 16.099315643310547,
    "bpm_range": 37.0,
    "bpm_iqr": 35.69999980926514,
    "mean_confidence": 0.14408667385578156,
    "confidence_stability": 0.9336436986923218,
    "mean_variability": 8.69051456451416,
    "bpm_trend": 0.004526067825236712,
    "bpm_acceleration": -0.0006756756756757093,
    "max_bpm": 50.0,
    "min_bpm": 13.0,
    "bpm_spikes": 0,
    "time_slow_breathing": 0.0,
    "time_normal_breathing": 0.68,
    "time_fast_breathing": 0.32
  },
  "facial_analysis": {
    "mean_jaw_width": 0.09348865389823914,
    "jaw_width_std": 8.937291976028662e-05,
    "jaw_tension_episodes": 23,
    "mean_mouth_curvature": 0.010471843729416527,
    "smile_frequency": 0.3,
    "frown_frequency": 0.0,
    "expression_stability": 0.999963136333276,
    "mean_eyebrow_height": 0.5988392055432004,
    "eyebrow_height_std": 7.320235346566239e-05,
    "eyebrow_tension_episodes": 0,
    "facial_movement_intensity": 0.05004959280897814,
    "facial_stability_score": 0.9999335252546424
  },
  "eye_analysis": {
    "mean_eye_openness": 0.31587702293890224,
    "eye_openness_std": 0.0007272712099902345,
    "low_openness_episodes": 0,
    "blink_frequency": 16.524217379747,
    "mean_asymmetry": 0.04282585142264565,
    "high_asymmetry_episodes": 0,
    "eye_fatigue_trend": 8.786181438622345e-07,
    "eye_stability": 0.9991904031950408,
    "sustained_attention_score": 0.7574413001020887,
    "perclos": 0.0,
    "blink_rate_horizon_seconds": 9.023362159729004
  },
  "posture_analysis": {
    "mean_shoulder_height": 0.8639861593643824,
    "shoulder_height_std": 0.00011697116311597124,
    "shoulder_tension_trend": 1.8607831498288486e-06,
    "mean_shoulder_asymmetry": 0.06065794587135315,
    "high_asymmetry_episodes": 150,
    "mean_head_distance": 0.15659471650918325,
    "head_forward_episodes": 0,
    "posture_stability": 0.9998830425175368,
    "movement_intensity": 0.001461143787045574
  },
  "behavioral_patterns": {
    "breathing_jaw_correlation": -0.27190495379363827,
    "breathing_eye_correlation": -0.2762252770868406,
    "jaw_eye_correlation": 0.6228626986382059,
    "physiological_coherence": 0.3903309765062282,
    "stress_response_coordination": 0.0,
    "behavioral_volatility": 1.7782018046658996
  }
}