{
  "window_id": 20,
  "timestamp_start": 1755842727.605338,
  "timestamp_end": 1755842732.081513,
  "duration_seconds": 4.476174831390381,
  "frame_count": 150,
  "valid_frames": 150,
  "estimated_fps": 33.51075542181343,
  "breathing_analysis": {
    "mean_bpm": 29.260000228881836,
    "median_bpm": 16.899999618530273,
    "mode_bpm": 12.8,
    "bpm_std": 17.081514358520508,
    "bpm_range": 37.20000076293945,
    "bpm_iqr": 35.80000019073486,
    "mean_confidence": 0.13711333274841309,
    "confidence_stability": 0.9334677532315254,
    "mean_variability": 9.279617309570312,
    "bpm_trend": -0.07623236588292813,
    "bpm_acceleration": -0.0006756756756756133,
    "max_bpm": 50.0,
    "min_bpm": 12.800000190734863,
    "bpm_spikes": 0,
    "time_slow_breathing": 0.0,
    "time_normal_breathing": 0.54,
    "time_fast_breathing": 0.46
  },
  "facial_analysis": {
    "mean_jaw_width": 0.09346546769142151,
    "jaw_width_std": 7.069589193347197e-05,
    "jaw_tension_episodes": 24,
    "mean_mouth_curvature": 0.010454907109340033,
    "smile_frequency": 0.31333333333333335,
    "frown_frequency": 0.0,
    "expression_stability": 0.9999666624237091,
    "mean_eyebrow_height": 0.5988362625638644,
    "eyebrow_height_std": 8.462087811299826e-05,
    "eyebrow_tension_episodes": 0,
    "facial_movement_intensity": 0.049247717998523635,
    "facial_stability_score": 0.9999371196408875
  },
  "eye_analysis": {
    "mean_eye_openness": 0.3156917368621482,
    "eye_openness_std": 0.0007755597698783777,
    "low_openness_episodes": 0,
    "blink_frequency": 0.0,
    "mean_asymmetry": 0.04292396118242026,
    "high_asymmetry_episodes": 0,
    "eye_fatigue_trend": 7.143353202549462e-07,
    "eye_stability": 0.9992009137939036,
    "sustained_attention_score": 0.7573307386366165,
    "perclos": 0.0,
    "blink_rate_horizon_seconds": 9.138592958450317
  },
  "posture_analysis": {
    "mean_shoulder_height": 0.864056276679039,
    "shoulder_height_std": 0.0001545329157172041,
    "shoulder_tension_trend": 2.8568034416016496e-06,
    "mean_shoulder_asymmetry": 0.060593039592107135,
    "high_asymmetry_episodes": 150,
    "mean_head_distance": 0.15669938107331594,
    "head_forward_episodes": 0,
    "posture_stability": 0.9998454909610152,
    "movement_intensity": 0.0015375324367091741
  },
  "behavioral_patterns": {
    "breathing_jaw_correlation": 0.05610639878264216,
    "breathing_eye_correlation": 0.10681520857363805,
    "jaw_eye_correlation": 0.5069438755877328,
    "physiological_coherence": 0.223288494314671,
    "stress_response_coordination": 0.0,
    "behavioral_volatility": 1.92156559240057
  }
}