{
  "window_id": 10,
  "timestamp_start": 1755848718.953668,
  "timestamp_end": 1755848723.311682,
  "duration_seconds": 4.358013868331909,
  "frame_count": 150,
  "valid_frames": 150,
  "estimated_fps": 34.419348935531175,
  "breathing_analysis": {
    "mean_bpm": 34.84733200073242,
    "median_bpm": 43.79999923706055,
    "mode_bpm": 12.4,
    "bpm_std": 15.568192481994629,
    "bpm_range": 37.599998474121094,
    "bpm_iqr": 34.30000019073486,
    "mean_confidence": 0.1725333333015442,
    "confidence_stability": 0.8984877839684486,
    "mean_variability": 8.9851713180542,
    "bpm_trend": -0.060005333570380646,
    "bpm_acceleration": -0.2506756756756756,
    "max_bpm": 50.0,
    "min_bpm": 12.399999618530273,
    "bpm_spikes": 0,
    "time_slow_breathing": 0.0,
    "time_normal_breathing": 0.37333333333333335,
    "time_fast_breathing": 0.6266666666666667
  },
  "facial_analysis": {
    "mean_jaw_width": 0.07699162900447845,
    "jaw_width_std": 0.002387044130478499,
    "jaw_tension_episodes": 30,
    "mean_mouth_curvature": -0.00033123728632926896,
    "smile_frequency": 0.0,
    "frown_frequency": 0.0,
    "expression_stability": 0.9991253692061259,
    "mean_eyebrow_height": 0.5809475914637248,
    "eyebrow_height_std": 0.0014772187299955223,
    "eyebrow_tension_episodes": 0,
    "facial_movement_intensity": 0.11532241691589995,
    "facial_stability_score": 0.9986286396274805
  },
  "eye_analysis": {
    "mean_eye_openness": 0.3670729063636294,
    "eye_openness_std": 0.03222540146273009,
    "low_openness_episodes": 0,
    "blink_frequency": 39.71463338715136,
    "mean_asymmetry": 0.02365095017615411,
    "high_asymmetry_episodes": 12,
    "eye_fatigue_trend": -6.568286693672418e-05,
    "eye_stability": 0.9838265208104252,
    "sustained_attention_score": 0.7703988515749151,
    "perclos": 0.03333333333333333,
    "blink_rate_horizon_seconds": 9.04278016090393
  },
  "posture_analysis": {
    "mean_shoulder_height": 0.9984530107180277,
    "shoulder_height_std": 0.003498845197345517,
    "shoulder_tension_trend": 1.108733604919595e-06,
    "mean_shoulder_asymmetry": 0.018845966657002767,
    "high_asymmetry_episodes": 6,
    "mean_head_distance": 0.27961888949076336,
    "head_forward_episodes": 0,
    "posture_stability": 0.9965133540371366,
    "movement_intensity": 0.041795682662281064
  },
  "behavioral_patterns": {
    "breathing_jaw_correlation": 0.36419203822354257,
    "breathing_eye_correlation": -0.4745213625843514,
    "jaw_eye_correlation": -0.5507106053133035,
    "physiological_coherence": 0.46314133537373253,
    "stress_response_coordination": 0.58,
    "behavioral_volatility": 2.9845862294327663
  }
}