{
  "window_id": 5,
  "timestamp_start": 1755842652.277824,
  "timestamp_end": 1755842656.7308679,
  "duration_seconds": 4.4530439376831055,
  "frame_count": 150,
  "valid_frames": 150,
  "estimated_fps": 33.68482370691455,
  "breathing_analysis": {
    "mean_bpm": 45.827335357666016,
    "median_bpm": 45.5,
    "mode_bpm": 44.3,
    "bpm_std": 2.5160789489746094,
    "bpm_range": 18.5,
    "bpm_iqr": 1.2000007629394531,
    "mean_confidence": 0.34477996826171875,
    "confidence_stability": 0.8855946511030197,
    "mean_variability": 3.4942867755889893,
    "bpm_trend": 0.025101026712298358,
    "bpm_acceleration": 0.0,
    "max_bpm": 48.0,
    "min_bpm": 29.5,
    "bpm_spikes": 0,
    "time_slow_breathing": 0.0,
    "time_normal_breathing": 0.0,
    "time_fast_breathing": 1.0
  },
  "facial_analysis": {
    "mean_jaw_width": 0.09348376671473185,
    "jaw_width_std": 8.492357421184933e-05,
    "jaw_tension_episodes": 25,
    "mean_mouth_curvature": 0.010468815207481386,
    "smile_frequency": 0.32,
    "frown_frequency": 0.0,
    "expression_stability": 0.9999669787849007,
    "mean_eyebrow_height": 0.5988437179923058,
    "eyebrow_height_std": 7.8510988525568e-05,
    "eyebrow_tension_episodes": 0,
    "facial_movement_intensity": 0.05165529022329242,
    "facial_stability_score": 0.9999345195624736
  },
  "eye_analysis": {
    "mean_eye_openness": 0.3158154669831889,
    "eye_openness_std": 0.0006346395109142628,
    "low_openness_episodes": 0,
    "blink_frequency": 0.0,
    "mean_asymmetry": 0.042820951708978414,
    "high_asymmetry_episodes": 0,
    "eye_fatigue_trend": -1.0563915853539518e-06,
    "eye_stability": 0.9992425990874807,
    "sustained_attention_score": 0.7574532919210988,
    "perclos": 0.0,
    "blink_rate_horizon_seconds": 9.10090184211731
  },
  "posture_analysis": {
    "mean_shoulder_height": 0.8548242948452631,
    "shoulder_height_std": 0.0015277495089653168,
    "shoulder_tension_trend": -3.262529892837509e-06,
    "mean_shoulder_asymmetry": 0.053693568309148156,
    "high_asymmetry_episodes": 150,
    "mean_head_distance": 0.1320036413272222,
    "head_forward_episodes": 0,
    "posture_stability": 0.9984745809492404,
    "movement_intensity": 0.036618021600313785
  },
  "behavioral_patterns": {
    "breathing_jaw_correlation": 0.02878433400278146,
    "breathing_eye_correlation": -0.058755692519589835,
    "jaw_eye_correlation": 0.5786943503561442,
    "physiological_coherence": 0.22207812562617182,
    "stress_response_coordination": 0.0,
    "behavioral_volatility": 0.6107932594564062
  }
}