{
  "window_id": 2,
  "timestamp_start": 1755848678.488786,
  "timestamp_end": 1755848683.016754,
  "duration_seconds": 4.527967929840088,
  "frame_count": 150,
  "valid_frames": 150,
  "estimated_fps": 33.12744311007023,
  "breathing_analysis": {
    "mean_bpm": 42.600669860839844,
    "median_bpm": 41.20000076293945,
    "mode_bpm": 40.16,
    "bpm_std": 2.7101664543151855,
    "bpm_range": 8.799999237060547,
    "bpm_iqr": 2.9000015258789062,
    "mean_confidence": 0.8152999877929688,
    "confidence_stability": 0.8753628730773926,
    "mean_variability": 1.004906415939331,
    "bpm_trend": 0.0510083114805104,
    "bpm_acceleration": 0.0,
    "max_bpm": 47.20000076293945,
    "min_bpm": 38.400001525878906,
    "bpm_spikes": 0,
    "time_slow_breathing": 0.0,
    "time_normal_breathing": 0.0,
    "time_fast_breathing": 1.0
  },
  "facial_analysis": {
    "mean_jaw_width": 0.07098132252693176,
    "jaw_width_std": 0.001329192294380702,
    "jaw_tension_episodes": 28,
    "mean_mouth_curvature": -0.0012006497780481973,
    "smile_frequency": 0.0,
    "frown_frequency": 0.26666666666666666,
    "expression_stability": 0.9995840513507113,
    "mean_eyebrow_height": 0.5715559167861939,
    "eyebrow_height_std": 0.0014359729335626887,
    "eyebrow_tension_episodes": 0,
    "facial_movement_intensity": 0.10241210567226951,
    "facial_stability_score": 0.9986193291202425
  },
  "eye_analysis": {
    "mean_eye_openness": 0.3907912793346248,
    "eye_openness_std": 0.036551813118146544,
    "low_openness_episodes": 0,
    "blink_frequency": 48.47918503912717,
    "mean_asymmetry": 0.017445358690527615,
    "high_asymmetry_episodes": 7,
    "eye_fatigue_trend": 0.000561115518071851,
    "eye_stability": 0.9872786814532672,
    "sustained_attention_score": 0.7789313691753169,
    "perclos": 0.06666666666666667,
    "blink_rate_horizon_seconds": 9.208343029022217
  },
  "posture_analysis": {
    "mean_shoulder_height": 0.9722976585229238,
    "shoulder_height_std": 0.003721982792701796,
    "shoulder_tension_trend": 8.094199112062726e-05,
    "mean_shoulder_asymmetry": 0.0068204665184021,
    "high_asymmetry_episodes": 0,
    "mean_head_distance": 0.2581200365225474,
    "head_forward_episodes": 0,
    "posture_stability": 0.9962918189931977,
    "movement_intensity": 0.028758049007932773
  },
  "behavioral_patterns": {
    "breathing_jaw_correlation": 0.22016379461512933,
    "breathing_eye_correlation": 0.43789443970570047,
    "jaw_eye_correlation": 0.595596397885946,
    "physiological_coherence": 0.4178848774022586,
    "stress_response_coordination": 1.0,
    "behavioral_volatility": 0.1555089483952378
  }
}