{
  "window_id": 11,
  "timestamp_start": 1755842682.333683,
  "timestamp_end": 1755842686.854642,
  "duration_seconds": 4.52095890045166,
  "frame_count": 150,
  "valid_frames": 150,
  "estimated_fps": 33.17880195394266,
  "breathing_analysis": {
    "mean_bpm": 29.365999221801758,
    "median_bpm": 15.850000381469727,
    "mode_bpm": 12.2,
    "bpm_std": 17.47201156616211,
    "bpm_range": 37.79999923706055,
    "bpm_iqr": 35.77500009536743,
    "mean_confidence": 0.14668668806552887,
    "confidence_stability": 0.915372408926487,
    "mean_variability": 13.440841674804688,
    "bpm_trend": 0.1004810880483577,
    "bpm_acceleration": 0.002027027027026816,
    "max_bpm": 50.0,
    "min_bpm": 12.199999809265137,
    "bpm_spikes": 0,
    "time_slow_breathing": 0.0,
    "time_normal_breathing": 0.5733333333333334,
    "time_fast_breathing": 0.4266666666666667
  },
  "facial_analysis": {
    "mean_jaw_width": 0.09347234090169271,
    "jaw_width_std": 7.46042161113904e-05,
    "jaw_tension_episodes": 22,
    "mean_mouth_curvature": 0.01046121183037758,
    "smile_frequency": 0.34,
    "frown_frequency": 0.0,
    "expression_stability": 0.9999662038640807,
    "mean_eyebrow_height": 0.5988406083981196,
    "eyebrow_height_std": 8.290496876600195e-05,
    "eyebrow_tension_episodes": 0,
    "facial_movement_intensity": 0.04957989346937157,
    "facial_stability_score": 0.9999362360864605
  },
  "eye_analysis": {
    "mean_eye_openness": 0.3156429774233312,
    "eye_openness_std": 0.0007442985395320722,
    "low_openness_episodes": 0,
    "blink_frequency": 50.39818018320404,
    "mean_asymmetry": 0.04290262597431613,
    "high_asymmetry_episodes": 0,
    "eye_fatigue_trend": -3.931853283136093e-07,
    "eye_stability": 0.9992539162703297,
    "sustained_attention_score": 0.7573320176364943,
    "perclos": 0.0,
    "blink_rate_horizon_seconds": 9.216852903366089
  },
  "posture_analysis": {
    "mean_shoulder_height": 0.8677317561705907,
    "shoulder_height_std": 0.00047087032157242973,
    "shoulder_tension_trend": 8.411018407276643e-06,
    "mean_shoulder_asymmetry": 0.06758594870567322,
    "high_asymmetry_episodes": 150,
    "mean_head_distance": 0.149633665283521,
    "head_forward_episodes": 0,
    "posture_stability": 0.9995293512929357,
    "movement_intensity": 0.004807945124755771
  },
  "behavioral_patterns": {
    "breathing_jaw_correlation": -0.03080775203964436,
    "breathing_eye_correlation": -0.005133446931896257,
    "jaw_eye_correlation": 0.48640810158867975,
    "physiological_coherence": 0.17411643352007344,
    "stress_response_coordination": 0.0,
    "behavioral_volatility": 3.2884495024113414
  }
}