{
  "window_id": 0,
  "timestamp_start": 1755842627.29129,
  "timestamp_end": 1755842631.592651,
  "duration_seconds": 4.301360845565796,
  "frame_count": 150,
  "valid_frames": 114,
  "estimated_fps": 34.87268457251909,
  "breathing_analysis": {
    "mean_bpm": 19.211999893188477,
    "median_bpm": 19.100000381469727,
    "mode_bpm": 16.8,
    "bpm_std": 1.5580296516418457,
    "bpm_range": 5.200000762939453,
    "bpm_iqr": 2.700000762939453,
    "mean_confidence": 0.025096489116549492,
    "confidence_stability": 0.9519841149449348,
    "mean_variability": 0.1867377907037735,
    "bpm_trend": -0.21569230769230768,
    "bpm_acceleration": 0.004347826086956583,
    "max_bpm": 22.0,
    "min_bpm": 16.799999237060547,
    "bpm_spikes": 0,
    "time_slow_breathing": 0.0,
    "time_normal_breathing": 0.68,
    "time_fast_breathing": 0.32
  },
  "facial_analysis": {
    "mean_jaw_width": 0.09348331371943155,
    "jaw_width_std": 7.99766861724496e-05,
    "jaw_tension_episodes": 30,
    "mean_mouth_curvature": 0.010468199978272124,
    "smile_frequency": 0.31333333333333335,
    "frown_frequency": 0.0,
    "expression_stability": 0.9999665285292703,
    "mean_eyebrow_height": 0.5988397230108581,
    "eyebrow_height_std": 7.897157616896569e-05,
    "eyebrow_tension_episodes": 0,
    "facial_movement_intensity": 0.05056401108445801,
    "facial_stability_score": 0.9999358646730023
  },
  "eye_analysis": {
    "mean_eye_openness": 0.3158781121002861,
    "eye_openness_std": 0.0006164430899819806,
    "low_openness_episodes": 0,
    "blink_frequency": 26.48558321963475,
    "mean_asymmetry": 0.04276302112855213,
    "high_asymmetry_episodes": 0,
    "eye_fatigue_trend": -3.0915283790600856e-08,
    "eye_stability": 0.9992029329734796,
    "sustained_attention_score": 0.7574995492939173,
    "perclos": 0.0,
    "blink_rate_horizon_seconds": 5.009014844894409
  },
  "posture_analysis": {
    "mean_shoulder_height": 0.8584599570433299,
    "shoulder_height_std": 0.0005838949167684145,
    "shoulder_tension_trend": 7.966161330567127e-06,
    "mean_shoulder_asymmetry": 0.050510092576344805,
    "high_asymmetry_episodes": 150,
    "mean_head_distance": 0.13535746812820434,
    "head_forward_episodes": 0,
    "posture_stability": 0.9994164458175523,
    "movement_intensity": 0.01480866479807647
  },
  "behavioral_patterns": {
    "breathing_jaw_correlation": -0.3560678648803967,
    "breathing_eye_correlation": -0.34170875026414654,
    "jaw_eye_correlation": 0.6265144869601941,
    "physiological_coherence": 0.44143036736824576,
    "stress_response_coordination": 0.0,
    "behavioral_volatility": 0.023405549853736288
  }
}