{
  "window_id": 22,
  "timestamp_start": 1755848779.0015419,
  "timestamp_end": 1755848783.549581,
  "duration_seconds": 4.548039197921753,
  "frame_count": 150,
  "valid_frames": 150,
  "estimated_fps": 32.98124608700452,
  "breathing_analysis": {
    "mean_bpm": 42.15066146850586,
    "median_bpm": 44.900001525878906,
    "mode_bpm": 42.53999999999999,
    "bpm_std": 9.677759170532227,
    "bpm_range": 37.29999923706055,
    "bpm_iqr": 0.0,
    "mean_confidence": 0.30011993646621704,
    "confidence_stability": 0.8530392348766327,
    "mean_variability": 2.9158434867858887,
    "bpm_trend": 0.11472438775056663,
    "bpm_acceleration": -0.0006756756756756493,
    "max_bpm": 50.0,
    "min_bpm": 12.699999809265137,
    "bpm_spikes": 0,
    "time_slow_breathing": 0.0,
    "time_normal_breathing": 0.1,
    "time_fast_breathing": 0.9
  },
  "facial_analysis": {
    "mean_jaw_width": 0.07228999018669129,
    "jaw_width_std": 0.0028870956289247913,
    "jaw_tension_episodes": 2,
    "mean_mouth_curvature": 0.0015804984072844209,
    "smile_frequency": 0.28,
    "frown_frequency": 0.0,
    "expression_stability": 0.9983406883763066,
    "mean_eyebrow_height": 0.6053429847955704,
    "eyebrow_height_std": 0.0018017943451990336,
    "eyebrow_tension_episodes": 0,
    "facial_movement_intensity": 0.10245895052682269,
    "facial_stability_score": 0.997910128536042
  },
  "eye_analysis": {
    "mean_eye_openness": 0.3579920086212788,
    "eye_openness_std": 0.05876049712401379,
    "low_openness_episodes": 6,
    "blink_frequency": 10.639111640969201,
    "mean_asymmetry": 0.021237229566804967,
    "high_asymmetry_episodes": 2,
    "eye_fatigue_trend": -5.1147094260891745e-05,
    "eye_stability": 0.9894458204345787,
    "sustained_attention_score": 0.7593314273101534,
    "perclos": 0.02,
    "blink_rate_horizon_seconds": 9.278120040893555
  },
  "posture_analysis": {
    "mean_shoulder_height": 0.9875797190268835,
    "shoulder_height_std": 0.005633578501949708,
    "shoulder_tension_trend": 0.00011363003565378755,
    "mean_shoulder_asymmetry": 0.008785693248112996,
    "high_asymmetry_episodes": 0,
    "mean_head_distance": 0.2496380998690923,
    "head_forward_episodes": 0,
    "posture_stability": 0.99439798091235,
    "movement_intensity": 0.03293269445457443
  },
  "behavioral_patterns": {
    "breathing_jaw_correlation": 0.060535176454409576,
    "breathing_eye_correlation": -0.18472387450476307,
    "jaw_eye_correlation": 0.010982548427215416,
    "physiological_coherence": 0.08541386646212935,
    "stress_response_coordination": 0.8866666666666667,
    "behavioral_volatility": 1.0338858099068853
  }
}