{
  "window_id": 2,
  "timestamp_start": 1755842637.233359,
  "timestamp_end": 1755842641.667446,
  "duration_seconds": 4.434086799621582,
  "frame_count": 150,
  "valid_frames": 150,
  "estimated_fps": 33.82883709286012,
  "breathing_analysis": {
    "mean_bpm": 44.29600143432617,
    "median_bpm": 44.400001525878906,
    "mode_bpm": 42.739999999999995,
    "bpm_std": 5.64720344543457,
    "bpm_range": 36.29999923706055,
    "bpm_iqr": 2.0,
    "mean_confidence": 0.34004002809524536,
    "confidence_stability": 0.8663232326507568,
    "mean_variability": 2.5785598754882812,
    "bpm_trend": 0.013094270856482612,
    "bpm_acceleration": 0.0,
    "max_bpm": 50.0,
    "min_bpm": 13.699999809265137,
    "bpm_spikes": 0,
    "time_slow_breathing": 0.0,
    "time_normal_breathing": 0.03333333333333333,
    "time_fast_breathing": 0.9666666666666667
  },
  "facial_analysis": {
    "mean_jaw_width": 0.0934786061445872,
    "jaw_width_std": 7.915987035756817e-05,
    "jaw_tension_episodes": 26,
    "mean_mouth_curvature": 0.010467978537082671,
    "smile_frequency": 0.2733333333333333,
    "frown_frequency": 0.0,
    "expression_stability": 0.999968269874174,
    "mean_eyebrow_height": 0.5988413111170132,
    "eyebrow_height_std": 7.365617459948881e-05,
    "eyebrow_tension_episodes": 0,
    "facial_movement_intensity": 0.048276632783481745,
    "facial_stability_score": 0.9999384888422025
  },
  "eye_analysis": {
    "mean_eye_openness": 0.31581618916454296,
    "eye_openness_std": 0.0006998641751285079,
    "low_openness_episodes": 0,
    "blink_frequency": 6.602247214357414,
    "mean_asymmetry": 0.04292046539052992,
    "high_asymmetry_episodes": 0,
    "eye_fatigue_trend": 2.4988943696943486e-06,
    "eye_stability": 0.9992405131331695,
    "sustained_attention_score": 0.7573986198662949,
    "perclos": 0.0,
    "blink_rate_horizon_seconds": 9.087814807891846
  },
  "posture_analysis": {
    "mean_shoulder_height": 0.8539337027072906,
    "shoulder_height_std": 0.0017711345284926365,
    "shoulder_tension_trend": -1.6095857735955776e-05,
    "mean_shoulder_asymmetry": 0.05633193095525106,
    "high_asymmetry_episodes": 150,
    "mean_head_distance": 0.13194267590840658,
    "head_forward_episodes": 0,
    "posture_stability": 0.9982319968429454,
    "movement_intensity": 0.04700997586253976
  },
  "behavioral_patterns": {
    "breathing_jaw_correlation": -0.01755579267210572,
    "breathing_eye_correlation": 0.04412156860894823,
    "jaw_eye_correlation": 0.5706337434608969,
    "physiological_coherence": 0.21077036824731696,
    "stress_response_coordination": 0.0,
    "behavioral_volatility": 1.3221079799209368
  }
}