{
  "window_id": 4,
  "timestamp_start": 1755848688.7801511,
  "timestamp_end": 1755848693.10095,
  "duration_seconds": 4.320798873901367,
  "frame_count": 150,
  "valid_frames": 150,
  "estimated_fps": 34.71580241932458,
  "breathing_analysis": {
    "mean_bpm": 34.33199691772461,
    "median_bpm": 48.0,
    "mode_bpm": 46.22,
    "bpm_std": 16.543378829956055,
    "bpm_range": 37.79999923706055,
    "bpm_iqr": 32.19999980926514,
    "mean_confidence": 0.20629329979419708,
    "confidence_stability": 0.8854246363043785,
    "mean_variability": 11.234798431396484,
    "bpm_trend": 0.23305853593493034,
    "bpm_acceleration": 0.0020270270270270436,
    "max_bpm": 50.0,
    "min_bpm": 12.199999809265137,
    "bpm_spikes": 0,
    "time_slow_breathing": 0.0,
    "time_normal_breathing": 0.38666666666666666,
    "time_fast_breathing": 0.6133333333333333
  },
  "facial_analysis": {
    "mean_jaw_width": 0.07197977046171825,
    "jaw_width_std": 0.0009394307654173965,
    "jaw_tension_episodes": 26,
    "mean_mouth_curvature": -0.0004224248230457269,
    "smile_frequency": 0.0,
    "frown_frequency": 0.0,
    "expression_stability": 0.9997082846618202,
    "mean_eyebrow_height": 0.5698393774429957,
    "eyebrow_height_std": 0.0013860216263551926,
    "eyebrow_tension_episodes": 0,
    "facial_movement_intensity": 0.08907900937549423,
    "facial_stability_score": 0.999176283358617
  },
  "eye_analysis": {
    "mean_eye_openness": 0.4115715974763657,
    "eye_openness_std": 0.016595446038638717,
    "low_openness_episodes": 0,
    "blink_frequency": 83.317925806379,
    "mean_asymmetry": 0.027310409732720753,
    "high_asymmetry_episodes": 7,
    "eye_fatigue_trend": -0.00012017888634464978,
    "eye_stability": 0.9856730180176366,
    "sustained_attention_score": 0.7892219139016688,
    "perclos": 0.056666666666666664,
    "blink_rate_horizon_seconds": 8.935847997665405
  },
  "posture_analysis": {
    "mean_shoulder_height": 0.9684645579258601,
    "shoulder_height_std": 0.0030292557912798062,
    "shoulder_tension_trend": 5.860620315586598e-05,
    "mean_shoulder_asymmetry": 0.0033932435512542725,
    "high_asymmetry_episodes": 0,
    "mean_head_distance": 0.2795782611767451,
    "head_forward_episodes": 0,
    "posture_stability": 0.9969798928856864,
    "movement_intensity": 0.020977307474681493
  },
  "behavioral_patterns": {
    "breathing_jaw_correlation": -0.6445760073603587,
    "breathing_eye_correlation": -0.2358974340262423,
    "jaw_eye_correlation": 0.48016256719489414,
    "physiological_coherence": 0.4535453361938317,
    "stress_response_coordination": 0.6133333333333333,
    "behavioral_volatility": 2.145440717015834
  }
}