{
  "window_id": 14,
  "timestamp_start": 1755848739.038702,
  "timestamp_end": 1755848743.420245,
  "duration_seconds": 4.381542921066284,
  "frame_count": 150,
  "valid_frames": 150,
  "estimated_fps": 34.234515717923465,
  "breathing_analysis": {
    "mean_bpm": 40.3946647644043,
    "median_bpm": 42.599998474121094,
    "mode_bpm": 42.53999999999999,
    "bpm_std": 12.086669921875,
    "bpm_range": 37.29999923706055,
    "bpm_iqr": 7.400001525878906,
    "mean_confidence": 0.39754006266593933,
    "confidence_stability": 0.7326500117778778,
    "mean_variability": 8.583754539489746,
    "bpm_trend": 0.02016480732477007,
    "bpm_acceleration": -1.0802169969325848e-16,
    "max_bpm": 50.0,
    "min_bpm": 12.699999809265137,
    "bpm_spikes": 0,
    "time_slow_breathing": 0.0,
    "time_normal_breathing": 0.16,
    "time_fast_breathing": 0.84
  },
  "facial_analysis": {
    "mean_jaw_width": 0.07330529769261677,
    "jaw_width_std": 0.0026616242499925306,
    "jaw_tension_episodes": 23,
    "mean_mouth_curvature": 0.0017622768878936745,
    "smile_frequency": 0.22,
    "frown_frequency": 0.0,
    "expression_stability": 0.9984042304879968,
    "mean_eyebrow_height": 0.5939924073219299,
    "eyebrow_height_std": 0.001277854971696051,
    "eyebrow_tension_episodes": 0,
    "facial_movement_intensity": 0.10590218567904636,
    "facial_stability_score": 0.9982381364420746
  },
  "eye_analysis": {
    "mean_eye_openness": 0.37562502901469325,
    "eye_openness_std": 0.015483491580579227,
    "low_openness_episodes": 0,
    "blink_frequency": 102.7035471537704,
    "mean_asymmetry": 0.020359329600299327,
    "high_asymmetry_episodes": 0,
    "eye_fatigue_trend": -0.00016485722175369204,
    "eye_stability": 0.9865712077358745,
    "sustained_attention_score": 0.7799274026112716,
    "perclos": 0.0,
    "blink_rate_horizon_seconds": 9.047877788543701
  },
  "posture_analysis": {
    "mean_shoulder_height": 0.9860150295495987,
    "shoulder_height_std": 0.001913739214150598,
    "shoulder_tension_trend": -1.2347983002070007e-05,
    "mean_shoulder_asymmetry": 0.020413084427515667,
    "high_asymmetry_episodes": 0,
    "mean_head_distance": 0.27100692768891654,
    "head_forward_episodes": 0,
    "posture_stability": 0.9980899161881425,
    "movement_intensity": 0.028228597303339858
  },
  "behavioral_patterns": {
    "breathing_jaw_correlation": 0.11404944995241532,
    "breathing_eye_correlation": -0.2655361555034816,
    "jaw_eye_correlation": -0.7812243606423876,
    "physiological_coherence": 0.38693665536609484,
    "stress_response_coordination": 0.84,
    "behavioral_volatility": 2.0193713421579704
  }
}