{
  "window_id": 3,
  "timestamp_start": 1755848683.743225,
  "timestamp_end": 1755848688.0317361,
  "duration_seconds": 4.288511037826538,
  "frame_count": 150,
  "valid_frames": 150,
  "estimated_fps": 34.97717475294679,
  "breathing_analysis": {
    "mean_bpm": 27.23466682434082,
    "median_bpm": 23.700000762939453,
    "mode_bpm": 23.54,
    "bpm_std": 12.808305740356445,
    "bpm_range": 37.79999923706055,
    "bpm_iqr": 26.0,
    "mean_confidence": 0.2629866600036621,
    "confidence_stability": 0.8076008707284927,
    "mean_variability": 7.9540276527404785,
    "bpm_trend": -0.1244048179919106,
    "bpm_acceleration": 2.400482215405744e-17,
    "max_bpm": 50.0,
    "min_bpm": 12.199999809265137,
    "bpm_spikes": 0,
    "time_slow_breathing": 0.0,
    "time_normal_breathing": 0.28,
    "time_fast_breathing": 0.72
  },
  "facial_analysis": {
    "mean_jaw_width": 0.07085354844729105,
    "jaw_width_std": 0.002473275467373351,
    "jaw_tension_episodes": 30,
    "mean_mouth_curvature": -0.00019231731692950522,
    "smile_frequency": 0.03333333333333333,
    "frown_frequency": 0.0,
    "expression_stability": 0.999281374089988,
    "mean_eyebrow_height": 0.5696679223775863,
    "eyebrow_height_std": 0.007324443116749085,
    "eyebrow_tension_episodes": 0,
    "facial_movement_intensity": 0.14040071043078667,
    "facial_stability_score": 0.9965658040779791
  },
  "eye_analysis": {
    "mean_eye_openness": 0.3784141917604195,
    "eye_openness_std": 0.06998546127176221,
    "low_openness_episodes": 8,
    "blink_frequency": 58.29529125491131,
    "mean_asymmetry": 0.03985376807065685,
    "high_asymmetry_episodes": 49,
    "eye_fatigue_trend": 0.0005221095767203354,
    "eye_stability": 0.9799471669317683,
    "sustained_attention_score": 0.7561916541393335,
    "perclos": 0.08,
    "blink_rate_horizon_seconds": 9.061858177185059
  },
  "posture_analysis": {
    "mean_shoulder_height": 0.9673517207304637,
    "shoulder_height_std": 0.0036991752655864307,
    "shoulder_tension_trend": -7.457108141353072e-05,
    "mean_shoulder_asymmetry": 0.004472744464874267,
    "high_asymmetry_episodes": 0,
    "mean_head_distance": 0.26940853079160054,
    "head_forward_episodes": 0,
    "posture_stability": 0.9963144581994824,
    "movement_intensity": 0.03270293807348311
  },
  "behavioral_patterns": {
    "breathing_jaw_correlation": 0.4161083817566022,
    "breathing_eye_correlation": -0.029040132874607133,
    "jaw_eye_correlation": -0.23102705371135107,
    "physiological_coherence": 0.22539185611418677,
    "stress_response_coordination": 0.3333333333333333,
    "behavioral_volatility": 2.5230887349546296
  }
}