{
  "window_id": 7,
  "timestamp_start": 1755842662.384753,
  "timestamp_end": 1755842666.787775,
  "duration_seconds": 4.403022050857544,
  "frame_count": 150,
  "valid_frames": 150,
  "estimated_fps": 34.06751051151007,
  "breathing_analysis": {
    "mean_bpm": 42.80733108520508,
    "median_bpm": 40.599998474121094,
    "mode_bpm": 39.32,
    "bpm_std": 6.458917617797852,
    "bpm_range": 35.599998474121094,
    "bpm_iqr": 7.8000030517578125,
    "mean_confidence": 0.28747329115867615,
    "confidence_stability": 0.950181033462286,
    "mean_variability": 2.956209659576416,
    "bpm_trend": 0.06202889017289656,
    "bpm_acceleration": 0.0,
    "max_bpm": 50.0,
    "min_bpm": 14.399999618530273,
    "bpm_spikes": 0,
    "time_slow_breathing": 0.0,
    "time_normal_breathing": 0.03333333333333333,
    "time_fast_breathing": 0.9666666666666667
  },
  "facial_analysis": {
    "mean_jaw_width": 0.09346224586168925,
    "jaw_width_std": 8.220391040280425e-05,
    "jaw_tension_episodes": 26,
    "mean_mouth_curvature": 0.010459009339412054,
    "smile_frequency": 0.3,
    "frown_frequency": 0.0,
    "expression_stability": 0.999962073088507,
    "mean_eyebrow_height": 0.5988372801343599,
    "eyebrow_height_std": 8.051255273990631e-05,
    "eyebrow_tension_episodes": 0,
    "facial_movement_intensity": 0.05040735367249724,
    "facial_stability_score": 0.999933123767479
  },
  "eye_analysis": {
    "mean_eye_openness": 0.3157298808957097,
    "eye_openness_std": 0.0007478962403142706,
    "low_openness_episodes": 0,
    "blink_frequency": 6.641497626755093,
    "mean_asymmetry": 0.0429053278335989,
    "high_asymmetry_episodes": 0,
    "eye_fatigue_trend": 5.114197437435336e-07,
    "eye_stability": 0.9991826991226495,
    "sustained_attention_score": 0.7573588856072654,
    "perclos": 0.0,
    "blink_rate_horizon_seconds": 9.034106969833374
  },
  "posture_analysis": {
    "mean_shoulder_height": 0.855583784977595,
    "shoulder_height_std": 0.0014022578590641127,
    "shoulder_tension_trend": -2.8155984399134622e-05,
    "mean_shoulder_asymmetry": 0.0474943733215332,
    "high_asymmetry_episodes": 150,
    "mean_head_distance": 0.13857996304829914,
    "head_forward_episodes": 0,
    "posture_stability": 0.9985997057146027,
    "movement_intensity": 0.02220945219928792
  },
  "behavioral_patterns": {
    "breathing_jaw_correlation": 0.08771461861433452,
    "breathing_eye_correlation": -0.08897263420687723,
    "jaw_eye_correlation": 0.5651188091977749,
    "physiological_coherence": 0.24726868733966223,
    "stress_response_coordination": 0.0,
    "behavioral_volatility": 1.3434695189889194
  }
}