{
  "window_id": 1,
  "timestamp_start": 1755842632.2509272,
  "timestamp_end": 1755842636.647956,
  "duration_seconds": 4.397028684616089,
  "frame_count": 150,
  "valid_frames": 150,
  "estimated_fps": 34.113946202990654,
  "breathing_analysis": {
    "mean_bpm": 37.666664123535156,
    "median_bpm": 30.700000762939453,
    "mode_bpm": 30.7,
    "bpm_std": 7.581686019897461,
    "bpm_range": 16.0,
    "bpm_iqr": 16.0,
    "mean_confidence": 0.3903133273124695,
    "confidence_stability": 0.912276417016983,
    "mean_variability": 4.338304042816162,
    "bpm_trend": 0.08608311480510254,
    "bpm_acceleration": 0.0,
    "max_bpm": 46.70000076293945,
    "min_bpm": 30.700000762939453,
    "bpm_spikes": 0,
    "time_slow_breathing": 0.0,
    "time_normal_breathing": 0.0,
    "time_fast_breathing": 1.0
  },
  "facial_analysis": {
    "mean_jaw_width": 0.09348038991292318,
    "jaw_width_std": 8.512469264542636e-05,
    "jaw_tension_episodes": 29,
    "mean_mouth_curvature": 0.010464470734198887,
    "smile_frequency": 0.26666666666666666,
    "frown_frequency": 0.0,
    "expression_stability": 0.99996977038083,
    "mean_eyebrow_height": 0.5988399479985238,
    "eyebrow_height_std": 8.181414786559954e-05,
    "eyebrow_tension_episodes": 0,
    "facial_movement_intensity": 0.05413178141454181,
    "facial_stability_score": 0.9999342821309084
  },
  "eye_analysis": {
    "mean_eye_openness": 0.31578530472564986,
    "eye_openness_std": 0.0006696508665138114,
    "low_openness_episodes": 0,
    "blink_frequency": 46.51901754953271,
    "mean_asymmetry": 0.04283154378653026,
    "high_asymmetry_episodes": 0,
    "eye_fatigue_trend": -1.5235980987493916e-06,
    "eye_stability": 0.9992523487724954,
    "sustained_attention_score": 0.7574280366908686,
    "perclos": 0.0,
    "blink_rate_horizon_seconds": 9.010655879974365
  },
  "posture_analysis": {
    "mean_shoulder_height": 0.8558322302500407,
    "shoulder_height_std": 0.002394102591126751,
    "shoulder_tension_trend": 3.31771702781053e-05,
    "mean_shoulder_asymmetry": 0.05367536783218384,
    "high_asymmetry_episodes": 150,
    "mean_head_distance": 0.13300441225369772,
    "head_forward_episodes": 0,
    "posture_stability": 0.9976116154465213,
    "movement_intensity": 0.03359252310920325
  },
  "behavioral_patterns": {
    "breathing_jaw_correlation": -0.05552770138977271,
    "breathing_eye_correlation": -0.14121625979203492,
    "jaw_eye_correlation": 0.577138646809178,
    "physiological_coherence": 0.2579608693303286,
    "stress_response_coordination": 0.0,
    "behavioral_volatility": 0.6199243859622842
  }
}