{
  "window_id": 12,
  "timestamp_start": 1755848728.984722,
  "timestamp_end": 1755848733.3544068,
  "duration_seconds": 4.369684934616089,
  "frame_count": 150,
  "valid_frames": 150,
  "estimated_fps": 34.3274177073315,
  "breathing_analysis": {
    "mean_bpm": 46.80933380126953,
    "median_bpm": 47.5,
    "mode_bpm": 45.8,
    "bpm_std": 3.9440979957580566,
    "bpm_range": 21.0,
    "bpm_iqr": 0.0,
    "mean_confidence": 0.29203328490257263,
    "confidence_stability": 0.9625507593154907,
    "mean_variability": 1.8862768411636353,
    "bpm_trend": 0.016738877283434695,
    "bpm_acceleration": 0.0,
    "max_bpm": 50.0,
    "min_bpm": 29.0,
    "bpm_spikes": 0,
    "time_slow_breathing": 0.0,
    "time_normal_breathing": 0.0,
    "time_fast_breathing": 1.0
  },
  "facial_analysis": {
    "mean_jaw_width": 0.07063080330689749,
    "jaw_width_std": 0.0021351778034327286,
    "jaw_tension_episodes": 28,
    "mean_mouth_curvature": 0.001740487128496171,
    "smile_frequency": 0.2866666666666667,
    "frown_frequency": 0.0,
    "expression_stability": 0.9989669298006169,
    "mean_eyebrow_height": 0.5996714581449826,
    "eyebrow_height_std": 0.013853396199508145,
    "eyebrow_tension_episodes": 0,
    "facial_movement_intensity": 0.14714076442543036,
    "facial_stability_score": 0.9944394653580818
  },
  "eye_analysis": {
    "mean_eye_openness": 0.37857191160935455,
    "eye_openness_std": 0.06361014236915072,
    "low_openness_episodes": 6,
    "blink_frequency": 19.24901927513916,
    "mean_asymmetry": 0.021822468153402292,
    "high_asymmetry_episodes": 10,
    "eye_fatigue_trend": 0.0001801811938753619,
    "eye_stability": 0.9842922580952269,
    "sustained_attention_score": 0.764379767028934,
    "perclos": 0.02,
    "blink_rate_horizon_seconds": 9.029217004776001
  },
  "posture_analysis": {
    "mean_shoulder_height": 0.9798227399587631,
    "shoulder_height_std": 0.006536757168729822,
    "shoulder_tension_trend": 0.00013009228761040072,
    "mean_shoulder_asymmetry": 0.009955481290817261,
    "high_asymmetry_episodes": 0,
    "mean_head_distance": 0.25007520576318104,
    "head_forward_episodes": 0,
    "posture_stability": 0.993505694529113,
    "movement_intensity": 0.05801061316607393
  },
  "behavioral_patterns": {
    "breathing_jaw_correlation": 0.15921848321008178,
    "breathing_eye_correlation": 0.041689935621083814,
    "jaw_eye_correlation": 0.44505089807833936,
    "physiological_coherence": 0.21531977230316832,
    "stress_response_coordination": 1.0,
    "behavioral_volatility": 1.011804031362432
  }
}