{
  "window_id": 25,
  "timestamp_start": 1755848794.245981,
  "timestamp_end": 1755848798.635374,
  "duration_seconds": 4.389393091201782,
  "frame_count": 150,
  "valid_frames": 150,
  "estimated_fps": 34.173289309782724,
  "breathing_analysis": {
    "mean_bpm": 20.30066680908203,
    "median_bpm": 16.5,
    "mode_bpm": 12.2,
    "bpm_std": 11.23949909210205,
    "bpm_range": 37.79999923706055,
    "bpm_iqr": 5.924999952316284,
    "mean_confidence": 0.056519996374845505,
    "confidence_stability": 0.9463234767317772,
    "mean_variability": 6.82664680480957,
    "bpm_trend": 0.075039957331437,
    "bpm_acceleration": 0.0006756756756757212,
    "max_bpm": 50.0,
    "min_bpm": 12.199999809265137,
    "bpm_spikes": 17,
    "time_slow_breathing": 0.0,
    "time_normal_breathing": 0.78,
    "time_fast_breathing": 0.22
  },
  "facial_analysis": {
    "mean_jaw_width": 0.07365084211031596,
    "jaw_width_std": 0.001866607439045946,
    "jaw_tension_episodes": 23,
    "mean_mouth_curvature": -0.0010964751541614544,
    "smile_frequency": 0.0,
    "frown_frequency": 0.14666666666666667,
    "expression_stability": 0.99950556039026,
    "mean_eyebrow_height": 0.5723654122948647,
    "eyebrow_height_std": 0.002126839677193642,
    "eyebrow_tension_episodes": 0,
    "facial_movement_intensity": 0.10691995138049382,
    "facial_stability_score": 0.9980072722311579
  },
  "eye_analysis": {
    "mean_eye_openness": 0.2905361714337067,
    "eye_openness_std": 0.013781467471542314,
    "low_openness_episodes": 0,
    "blink_frequency": 20.300963946405577,
    "mean_asymmetry": 0.027717610553479412,
    "high_asymmetry_episodes": 10,
    "eye_fatigue_trend": -0.00021343175201007635,
    "eye_stability": 0.9846564277890592,
    "sustained_attention_score": 0.7496790311362284,
    "perclos": 0.06666666666666667,
    "blink_rate_horizon_seconds": 9.02851915359497
  },
  "posture_analysis": {
    "mean_shoulder_height": 0.9949501484632493,
    "shoulder_height_std": 0.004689316964297056,
    "shoulder_tension_trend": -7.137953782061313e-05,
    "mean_shoulder_asymmetry": 0.01350929299990336,
    "high_asymmetry_episodes": 0,
    "mean_head_distance": 0.29333992222944894,
    "head_forward_episodes": 0,
    "posture_stability": 0.9953325700939412,
    "movement_intensity": 0.0379017075261263
  },
  "behavioral_patterns": {
    "breathing_jaw_correlation": -0.23630115311790875,
    "breathing_eye_correlation": -0.09423878718196017,
    "jaw_eye_correlation": 0.8219725711210583,
    "physiological_coherence": 0.38417083714030903,
    "stress_response_coordination": 0.17333333333333334,
    "behavioral_volatility": 1.5135570043977402
  }
}