{
  "window_id": 13,
  "timestamp_start": 1755848734.033432,
  "timestamp_end": 1755848738.36772,
  "duration_seconds": 4.334287881851196,
  "frame_count": 150,
  "valid_frames": 150,
  "estimated_fps": 34.60776120296242,
  "breathing_analysis": {
    "mean_bpm": 31.031999588012695,
    "median_bpm": 37.900001525878906,
    "mode_bpm": 35.72,
    "bpm_std": 10.772171020507812,
    "bpm_range": 25.799999237060547,
    "bpm_iqr": 22.900001525878906,
    "mean_confidence": 0.24343332648277283,
    "confidence_stability": 0.8998345136642456,
    "mean_variability": 2.5067050457000732,
    "bpm_trend": -0.1961377839015067,
    "bpm_acceleration": -0.002702702702702705,
    "max_bpm": 38.29999923706055,
    "min_bpm": 12.5,
    "bpm_spikes": 0,
    "time_slow_breathing": 0.0,
    "time_normal_breathing": 0.2866666666666667,
    "time_fast_breathing": 0.7133333333333334
  },
  "facial_analysis": {
    "mean_jaw_width": 0.07006825745105744,
    "jaw_width_std": 0.00046852543108007226,
    "jaw_tension_episodes": 19,
    "mean_mouth_curvature": 0.0005321018993854561,
    "smile_frequency": 0.0,
    "frown_frequency": 0.0,
    "expression_stability": 0.9994763868429501,
    "mean_eyebrow_height": 0.5976328454812367,
    "eyebrow_height_std": 0.00477859609889339,
    "eyebrow_tension_episodes": 0,
    "facial_movement_intensity": 0.0800008257659449,
    "facial_stability_score": 0.9981084140265848
  },
  "eye_analysis": {
    "mean_eye_openness": 0.39316742032577034,
    "eye_openness_std": 0.014747235785968907,
    "low_openness_episodes": 0,
    "blink_frequency": 34.04042085537287,
    "mean_asymmetry": 0.040117807416922814,
    "high_asymmetry_episodes": 62,
    "eye_fatigue_trend": -0.0003026562797428486,
    "eye_stability": 0.9728879100651866,
    "sustained_attention_score": 0.7794341257076262,
    "perclos": 0.02,
    "blink_rate_horizon_seconds": 8.96637487411499
  },
  "posture_analysis": {
    "mean_shoulder_height": 0.9895813612143198,
    "shoulder_height_std": 0.004524707315940706,
    "shoulder_tension_trend": -9.46414067462355e-05,
    "mean_shoulder_asymmetry": 0.009902463754018149,
    "high_asymmetry_episodes": 0,
    "mean_head_distance": 0.26332599798838296,
    "head_forward_episodes": 0,
    "posture_stability": 0.9954956734433834,
    "movement_intensity": 0.030874929309552167
  },
  "behavioral_patterns": {
    "breathing_jaw_correlation": -0.28523676214852656,
    "breathing_eye_correlation": 0.6138827276422714,
    "jaw_eye_correlation": 0.13670204370559624,
    "physiological_coherence": 0.345273844498798,
    "stress_response_coordination": 0.7133333333333334,
    "behavioral_volatility": 0.646614554018298
  }
}