{
  "window_id": 9,
  "timestamp_start": 1755842672.450563,
  "timestamp_end": 1755842676.808258,
  "duration_seconds": 4.35769510269165,
  "frame_count": 150,
  "valid_frames": 150,
  "estimated_fps": 34.42186671282908,
  "breathing_analysis": {
    "mean_bpm": 42.0260009765625,
    "median_bpm": 43.099998474121094,
    "mode_bpm": 43.24,
    "bpm_std": 5.341265678405762,
    "bpm_range": 23.599998474121094,
    "bpm_iqr": 2.5,
    "mean_confidence": 0.6179866790771484,
    "confidence_stability": 0.7985731661319733,
    "mean_variability": 1.9214946031570435,
    "bpm_trend": -0.07114182852571205,
    "bpm_acceleration": 0.0,
    "max_bpm": 45.599998474121094,
    "min_bpm": 22.0,
    "bpm_spikes": 0,
    "time_slow_breathing": 0.0,
    "time_normal_breathing": 0.0,
    "time_fast_breathing": 1.0
  },
  "facial_analysis": {
    "mean_jaw_width": 0.09348653515179951,
    "jaw_width_std": 8.374691325612716e-05,
    "jaw_tension_episodes": 22,
    "mean_mouth_curvature": 0.010473299413919447,
    "smile_frequency": 0.3333333333333333,
    "frown_frequency": 0.0,
    "expression_stability": 0.9999627264858003,
    "mean_eyebrow_height": 0.5988405631184577,
    "eyebrow_height_std": 7.30969264675601e-05,
    "eyebrow_tension_episodes": 0,
    "facial_movement_intensity": 0.048123391247633304,
    "facial_stability_score": 0.9999352987970226
  },
  "eye_analysis": {
    "mean_eye_openness": 0.3158567737366188,
    "eye_openness_std": 0.0007196386088859656,
    "low_openness_episodes": 0,
    "blink_frequency": 6.655048414189459,
    "mean_asymmetry": 0.042863925803473354,
    "high_asymmetry_episodes": 0,
    "eye_fatigue_trend": 3.4732297575529574e-07,
    "eye_stability": 0.9990659721976803,
    "sustained_attention_score": 0.7574244031080865,
    "perclos": 0.0,
    "blink_rate_horizon_seconds": 9.015712022781372
  },
  "posture_analysis": {
    "mean_shoulder_height": 0.8641075704495113,
    "shoulder_height_std": 0.0035429367496373804,
    "shoulder_tension_trend": 8.003250096256384e-05,
    "mean_shoulder_asymmetry": 0.05852458675702413,
    "high_asymmetry_episodes": 150,
    "mean_head_distance": 0.14783219436804454,
    "head_forward_episodes": 0,
    "posture_stability": 0.9964695713358189,
    "movement_intensity": 0.016208906448175964
  },
  "behavioral_patterns": {
    "breathing_jaw_correlation": -0.02720546068726582,
    "breathing_eye_correlation": -0.09100397907427185,
    "jaw_eye_correlation": 0.6190375175072468,
    "physiological_coherence": 0.24574898575626147,
    "stress_response_coordination": 0.0,
    "behavioral_volatility": 0.6866898114138378
  }
}