{
  "window_id": 22,
  "timestamp_start": 1755842737.756893,
  "timestamp_end": 1755842742.105706,
  "duration_seconds": 4.348813056945801,
  "frame_count": 150,
  "valid_frames": 150,
  "estimated_fps": 34.49217017053061,
  "breathing_analysis": {
    "mean_bpm": 22.321998596191406,
    "median_bpm": 14.199999809265137,
    "mode_bpm": 12.2,
    "bpm_std": 15.581686973571777,
    "bpm_range": 37.79999923706055,
    "bpm_iqr": 2.7250001430511475,
    "mean_confidence": 0.09841999411582947,
    "confidence_stability": 0.9220800250768661,
    "mean_variability": 9.788415908813477,
    "bpm_trend": 0.02647815458464832,
    "bpm_acceleration": 6.00120553851436e-17,
    "max_bpm": 50.0,
    "min_bpm": 12.199999809265137,
    "bpm_spikes": 0,
    "time_slow_breathing": 0.0,
    "time_normal_breathing": 0.76,
    "time_fast_breathing": 0.24
  },
  "facial_analysis": {
    "mean_jaw_width": 0.09348273634910584,
    "jaw_width_std": 8.58967045466488e-05,
    "jaw_tension_episodes": 26,
    "mean_mouth_curvature": 0.010469418873389561,
    "smile_frequency": 0.2866666666666667,
    "frown_frequency": 0.0,
    "expression_stability": 0.9999672960201547,
    "mean_eyebrow_height": 0.5988409962654113,
    "eyebrow_height_std": 7.37581288645933e-05,
    "eyebrow_tension_episodes": 0,
    "facial_movement_intensity": 0.05199398171822394,
    "facial_stability_score": 0.9999358850245764
  },
  "eye_analysis": {
    "mean_eye_openness": 0.3158355040350311,
    "eye_openness_std": 0.0006821651170156262,
    "low_openness_episodes": 0,
    "blink_frequency": 0.0,
    "mean_asymmetry": 0.042734379442949215,
    "high_asymmetry_episodes": 0,
    "eye_fatigue_trend": 2.1609033297787342e-07,
    "eye_stability": 0.9992347631923689,
    "sustained_attention_score": 0.7574729864916887,
    "perclos": 0.0,
    "blink_rate_horizon_seconds": 9.026799201965332
  },
  "posture_analysis": {
    "mean_shoulder_height": 0.8641078088680904,
    "shoulder_height_std": 5.4676925921204485e-05,
    "shoulder_tension_trend": 1.2035157724224633e-07,
    "mean_shoulder_asymmetry": 0.060648778676986696,
    "high_asymmetry_episodes": 150,
    "mean_head_distance": 0.15715260326862335,
    "head_forward_episodes": 0,
    "posture_stability": 0.9999453260634814,
    "movement_intensity": 0.0008264147996255332
  },
  "behavioral_patterns": {
    "breathing_jaw_correlation": -0.07479863236283246,
    "breathing_eye_correlation": -0.14579331663636,
    "jaw_eye_correlation": 0.6418722447435335,
    "physiological_coherence": 0.28748806458090864,
    "stress_response_coordination": 0.0,
    "behavioral_volatility": 2.5129721404518186
  }
}