{
  "window_id": 24,
  "timestamp_start": 1755848789.310743,
  "timestamp_end": 1755848793.635336,
  "duration_seconds": 4.32459282875061,
  "frame_count": 150,
  "valid_frames": 150,
  "estimated_fps": 34.68534632966487,
  "breathing_analysis": {
    "mean_bpm": 34.9726676940918,
    "median_bpm": 50.0,
    "mode_bpm": 46.22,
    "bpm_std": 16.60981559753418,
    "bpm_range": 37.79999923706055,
    "bpm_iqr": 35.89999961853027,
    "mean_confidence": 0.12198000401258469,
    "confidence_stability": 0.9303429871797562,
    "mean_variability": 13.917119026184082,
    "bpm_trend": 0.05765322903240141,
    "bpm_acceleration": -0.002027027027027176,
    "max_bpm": 50.0,
    "min_bpm": 12.199999809265137,
    "bpm_spikes": 0,
    "time_slow_breathing": 0.0,
    "time_normal_breathing": 0.31333333333333335,
    "time_fast_breathing": 0.6866666666666666
  },
  "facial_analysis": {
    "mean_jaw_width": 0.07090869069099426,
    "jaw_width_std": 0.006309189496708114,
    "jaw_tension_episodes": 0,
    "mean_mouth_curvature": -0.0008495779037475618,
    "smile_frequency": 0.19333333333333333,
    "frown_frequency": 0.15333333333333332,
    "expression_stability": 0.997888529336014,
    "mean_eyebrow_height": 0.5728923698862394,
    "eyebrow_height_std": 0.008456527634121578,
    "eyebrow_tension_episodes": 0,
    "facial_movement_intensity": 0.15757477306008605,
    "facial_stability_score": 0.9948647118726669
  },
  "eye_analysis": {
    "mean_eye_openness": 0.29531714521382796,
    "eye_openness_std": 0.08572160916175513,
    "low_openness_episodes": 17,
    "blink_frequency": 6.567488870734756,
    "mean_asymmetry": 0.031091700890474645,
    "high_asymmetry_episodes": 19,
    "eye_fatigue_trend": -0.0005044345206009083,
    "eye_stability": 0.9810005999462131,
    "sustained_attention_score": 0.7261679450538661,
    "perclos": 0.13,
    "blink_rate_horizon_seconds": 9.13591194152832
  },
  "posture_analysis": {
    "mean_shoulder_height": 0.9906186765432358,
    "shoulder_height_std": 0.004736512317550473,
    "shoulder_tension_trend": -3.670622912600964e-05,
    "mean_shoulder_asymmetry": 0.027458245356877645,
    "high_asymmetry_episodes": 86,
    "mean_head_distance": 0.285586813489596,
    "head_forward_episodes": 0,
    "posture_stability": 0.9952858164708028,
    "movement_intensity": 0.05870692833507818
  },
  "behavioral_patterns": {
    "breathing_jaw_correlation": -0.020068754016090606,
    "breathing_eye_correlation": 0.16586674124806508,
    "jaw_eye_correlation": -0.27130175191295824,
    "physiological_coherence": 0.15241241572570463,
    "stress_response_coordination": 0.54,
    "behavioral_volatility": 3.187915409495485
  }
}