{
  "window_id": 23,
  "timestamp_start": 1755848784.0592482,
  "timestamp_end": 1755848788.618185,
  "duration_seconds": 4.558936834335327,
  "frame_count": 150,
  "valid_frames": 150,
  "estimated_fps": 32.902408050553596,
  "breathing_analysis": {
    "mean_bpm": 34.93333435058594,
    "median_bpm": 27.299999237060547,
    "mode_bpm": 43.92,
    "bpm_std": 10.979251861572266,
    "bpm_range": 30.399999618530273,
    "bpm_iqr": 20.400001525878906,
    "mean_confidence": 0.31730663776397705,
    "confidence_stability": 0.9464363344013691,
    "mean_variability": 2.6139237880706787,
    "bpm_trend": -0.202032090315125,
    "bpm_acceleration": -0.0027027027027026933,
    "max_bpm": 50.0,
    "min_bpm": 19.600000381469727,
    "bpm_spikes": 0,
    "time_slow_breathing": 0.0,
    "time_normal_breathing": 0.02666666666666667,
    "time_fast_breathing": 0.9733333333333334
  },
  "facial_analysis": {
    "mean_jaw_width": 0.07666151841481526,
    "jaw_width_std": 0.0038155136946897037,
    "jaw_tension_episodes": 26,
    "mean_mouth_curvature": 0.0030369760791460654,
    "smile_frequency": 0.35333333333333333,
    "frown_frequency": 0.0,
    "expression_stability": 0.9983280494046811,
    "mean_eyebrow_height": 0.5966705014705658,
    "eyebrow_height_std": 0.004976501536596654,
    "eyebrow_tension_episodes": 0,
    "facial_movement_intensity": 0.18142494733977074,
    "facial_stability_score": 0.99652599022241
  },
  "eye_analysis": {
    "mean_eye_openness": 0.363764372644659,
    "eye_openness_std": 0.0744968823872544,
    "low_openness_episodes": 8,
    "blink_frequency": 39.88170672794375,
    "mean_asymmetry": 0.03623301714557328,
    "high_asymmetry_episodes": 44,
    "eye_fatigue_trend": -0.0005781088671662737,
    "eye_stability": 0.9778507921730246,
    "sustained_attention_score": 0.7510114910372772,
    "perclos": 0.06333333333333334,
    "blink_rate_horizon_seconds": 9.401978969573975
  },
  "posture_analysis": {
    "mean_shoulder_height": 0.9937874402602513,
    "shoulder_height_std": 0.005124468167232138,
    "shoulder_tension_trend": -4.2093385351544435e-05,
    "mean_shoulder_asymmetry": 0.010507901906967163,
    "high_asymmetry_episodes": 0,
    "mean_head_distance": 0.2722482456763585,
    "head_forward_episodes": 0,
    "posture_stability": 0.99490165812342,
    "movement_intensity": 0.051365329237925875
  },
  "behavioral_patterns": {
    "breathing_jaw_correlation": 0.547086659922945,
    "breathing_eye_correlation": 0.10140510140707058,
    "jaw_eye_correlation": 0.14335087931123766,
    "physiological_coherence": 0.26394754688041777,
    "stress_response_coordination": 0.6733333333333333,
    "behavioral_volatility": 0.765147132476094
  }
}