{
  "window_id": 0,
  "timestamp_start": 1755848668.685384,
  "timestamp_end": 1755848672.9899268,
  "duration_seconds": 4.304542779922485,
  "frame_count": 150,
  "valid_frames": 114,
  "estimated_fps": 34.8469065517572,
  "breathing_analysis": {
    "mean_bpm": 19.260000228881836,
    "median_bpm": 18.200000762939453,
    "mode_bpm": 17.74,
    "bpm_std": 2.318965435028076,
    "bpm_range": 6.700000762939453,
    "bpm_iqr": 4.200000762939453,
    "mean_confidence": 0.0004385965003166348,
    "confidence_stability": 0.9981454886728898,
    "mean_variability": 0.3605373501777649,
    "bpm_trend": -0.2653846153846152,
    "bpm_acceleration": 0.004347826086956583,
    "max_bpm": 23.100000381469727,
    "min_bpm": 16.399999618530273,
    "bpm_spikes": 0,
    "time_slow_breathing": 0.0,
    "time_normal_breathing": 0.6,
    "time_fast_breathing": 0.4
  },
  "facial_analysis": {
    "mean_jaw_width": 0.07038456598917643,
    "jaw_width_std": 0.0013992786199388757,
    "jaw_tension_episodes": 28,
    "mean_mouth_curvature": 0.001377591997385023,
    "smile_frequency": 0.34,
    "frown_frequency": 0.0,
    "expression_stability": 0.9991148786528805,
    "mean_eyebrow_height": 0.5747397696971893,
    "eyebrow_height_std": 0.0016391090567991994,
    "eyebrow_tension_episodes": 0,
    "facial_movement_intensity": 0.11502255046390111,
    "facial_stability_score": 0.9986939704165957
  },
  "eye_analysis": {
    "mean_eye_openness": 0.3690340438337817,
    "eye_openness_std": 0.07375423558714334,
    "low_openness_episodes": 8,
    "blink_frequency": 11.972109917163705,
    "mean_asymmetry": 0.029225044687394792,
    "high_asymmetry_episodes": 31,
    "eye_fatigue_trend": 0.00037656316738020297,
    "eye_stability": 0.977862474305447,
    "sustained_attention_score": 0.7553515878530811,
    "perclos": 0.10344827586206896,
    "blink_rate_horizon_seconds": 5.011647939682007
  },
  "posture_analysis": {
    "mean_shoulder_height": 0.9561701234181722,
    "shoulder_height_std": 0.004330696404723682,
    "shoulder_tension_trend": 9.057144837049721e-05,
    "mean_shoulder_asymmetry": 0.0037148698170979817,
    "high_asymmetry_episodes": 0,
    "mean_head_distance": 0.2531219434738159,
    "head_forward_episodes": 0,
    "posture_stability": 0.9956879776549432,
    "movement_intensity": 0.02687604836357629
  },
  "behavioral_patterns": {
    "breathing_jaw_correlation": 0.5341724028276025,
    "breathing_eye_correlation": -0.1517459353750274,
    "jaw_eye_correlation": 0.0924249334600485,
    "physiological_coherence": 0.2594477572208928,
    "stress_response_coordination": 0.0,
    "behavioral_volatility": 0.31583857685994493
  }
}