{
  "window_id": 7,
  "timestamp_start": 1755848703.930361,
  "timestamp_end": 1755848708.287271,
  "duration_seconds": 4.356909990310669,
  "frame_count": 150,
  "valid_frames": 150,
  "estimated_fps": 34.42806951109501,
  "breathing_analysis": {
    "mean_bpm": 38.482669830322266,
    "median_bpm": 37.900001525878906,
    "mode_bpm": 37.89,
    "bpm_std": 5.333101272583008,
    "bpm_range": 17.299999237060547,
    "bpm_iqr": 12.39999771118164,
    "mean_confidence": 0.3985532522201538,
    "confidence_stability": 0.8604685217142105,
    "mean_variability": 2.533522844314575,
    "bpm_trend": 0.052352904573536814,
    "bpm_acceleration": 0.0,
    "max_bpm": 50.0,
    "min_bpm": 32.70000076293945,
    "bpm_spikes": 10,
    "time_slow_breathing": 0.0,
    "time_normal_breathing": 0.0,
    "time_fast_breathing": 1.0
  },
  "facial_analysis": {
    "mean_jaw_width": 0.07248416622479757,
    "jaw_width_std": 0.007831578322654931,
    "jaw_tension_episodes": 0,
    "mean_mouth_curvature": -0.0033910370667775544,
    "smile_frequency": 0.02666666666666667,
    "frown_frequency": 0.24,
    "expression_stability": 0.9978033882298307,
    "mean_eyebrow_height": 0.5446169616778692,
    "eyebrow_height_std": 0.008621149345547184,
    "eyebrow_tension_episodes": 0,
    "facial_movement_intensity": 0.19856924077116778,
    "facial_stability_score": 0.9943309036876326
  },
  "eye_analysis": {
    "mean_eye_openness": 0.29037215837992775,
    "eye_openness_std": 0.04366586361204341,
    "low_openness_episodes": 8,
    "blink_frequency": 6.68706529021883,
    "mean_asymmetry": 0.03405603413860938,
    "high_asymmetry_episodes": 15,
    "eye_fatigue_trend": -0.00024449455958018237,
    "eye_stability": 0.9848001501256465,
    "sustained_attention_score": 0.737550086876425,
    "perclos": 0.06,
    "blink_rate_horizon_seconds": 8.972545862197876
  },
  "posture_analysis": {
    "mean_shoulder_height": 0.9652411061525344,
    "shoulder_height_std": 0.0078293568338271,
    "shoulder_tension_trend": -4.746357739419136e-05,
    "mean_shoulder_asymmetry": 0.005256987810134887,
    "high_asymmetry_episodes": 0,
    "mean_head_distance": 0.28635050674279533,
    "head_forward_episodes": 0,
    "posture_stability": 0.9922314657925588,
    "movement_intensity": 0.07504256338334968
  },
  "behavioral_patterns": {
    "breathing_jaw_correlation": 0.5909277324878498,
    "breathing_eye_correlation": 0.014815011955878126,
    "jaw_eye_correlation": 0.1567358626019299,
    "physiological_coherence": 0.25415953568188593,
    "stress_response_coordination": 0.8133333333333334,
    "behavioral_volatility": 0.5356106128847117
  }
}