{
  "window_id": 12,
  "timestamp_start": 1755842687.437433,
  "timestamp_end": 1755842691.854984,
  "duration_seconds": 4.417551040649414,
  "frame_count": 150,
  "valid_frames": 150,
  "estimated_fps": 33.95546505738819,
  "breathing_analysis": {
    "mean_bpm": 24.549999237060547,
    "median_bpm": 23.799999237060547,
    "mode_bpm": 15.979999999999999,
    "bpm_std": 7.590140342712402,
    "bpm_range": 37.79999923706055,
    "bpm_iqr": 11.299999237060547,
    "mean_confidence": 0.33122003078460693,
    "confidence_stability": 0.794331893324852,
    "mean_variability": 5.783062934875488,
    "bpm_trend": 0.0742054313525046,
    "bpm_acceleration": -2.400482215405744e-17,
    "max_bpm": 50.0,
    "min_bpm": 12.199999809265137,
    "bpm_spikes": 5,
    "time_slow_breathing": 0.0,
    "time_normal_breathing": 0.36666666666666664,
    "time_fast_breathing": 0.6333333333333333
  },
  "facial_analysis": {
    "mean_jaw_width": 0.09348555922508239,
    "jaw_width_std": 7.94337389752203e-05,
    "jaw_tension_episodes": 31,
    "mean_mouth_curvature": 0.010468713363011679,
    "smile_frequency": 0.29333333333333333,
    "frown_frequency": 0.0,
    "expression_stability": 0.9999667086925716,
    "mean_eyebrow_height": 0.5988400660951932,
    "eyebrow_height_std": 7.520496667890367e-05,
    "eyebrow_tension_episodes": 0,
    "facial_movement_intensity": 0.04884950494735546,
    "facial_stability_score": 0.9999373610199237
  },
  "eye_analysis": {
    "mean_eye_openness": 0.315819070361508,
    "eye_openness_std": 0.0006968552282458666,
    "low_openness_episodes": 0,
    "blink_frequency": 30.868604597625623,
    "mean_asymmetry": 0.042860272684481455,
    "high_asymmetry_episodes": 0,
    "eye_fatigue_trend": 6.466721066731837e-07,
    "eye_stability": 0.9991313398067726,
    "sustained_attention_score": 0.7574206474829269,
    "perclos": 0.0,
    "blink_rate_horizon_seconds": 9.178207159042358
  },
  "posture_analysis": {
    "mean_shoulder_height": 0.8677152780691783,
    "shoulder_height_std": 0.00033269092194851814,
    "shoulder_tension_trend": -1.22310935224272e-06,
    "mean_shoulder_asymmetry": 0.06576738913853963,
    "high_asymmetry_episodes": 150,
    "mean_head_distance": 0.15017384608586629,
    "head_forward_episodes": 0,
    "posture_stability": 0.9996674197244899,
    "movement_intensity": 0.004873281523598903
  },
  "behavioral_patterns": {
    "breathing_jaw_correlation": 0.21754077317187703,
    "breathing_eye_correlation": 0.12198720066091236,
    "jaw_eye_correlation": 0.6521566218318112,
    "physiological_coherence": 0.3305615318882002,
    "stress_response_coordination": 0.0,
    "behavioral_volatility": 1.447864356247184
  }
}