{
  "window_id": 27,
  "timestamp_start": 1755842762.776316,
  "timestamp_end": 1755842767.252356,
  "duration_seconds": 4.4760401248931885,
  "frame_count": 150,
  "valid_frames": 150,
  "estimated_fps": 33.51176392851917,
  "breathing_analysis": {
    "mean_bpm": 26.942668914794922,
    "median_bpm": 14.25,
    "mode_bpm": 12.2,
    "bpm_std": 17.5515079498291,
    "bpm_range": 37.79999923706055,
    "bpm_iqr": 36.60000038146973,
    "mean_confidence": 0.10245999693870544,
    "confidence_stability": 0.9375924542546272,
    "mean_variability": 10.783699989318848,
    "bpm_trend": -0.07142112982799223,
    "bpm_acceleration": 0.0006756756756759134,
    "max_bpm": 50.0,
    "min_bpm": 12.199999809265137,
    "bpm_spikes": 0,
    "time_slow_breathing": 0.0,
    "time_normal_breathing": 0.6333333333333333,
    "time_fast_breathing": 0.36666666666666664
  },
  "facial_analysis": {
    "mean_jaw_width": 0.09346418460210164,
    "jaw_width_std": 7.826014785748708e-05,
    "jaw_tension_episodes": 26,
    "mean_mouth_curvature": 0.01045526960492134,
    "smile_frequency": 0.29333333333333333,
    "frown_frequency": 0.0,
    "expression_stability": 0.9999625034907136,
    "mean_eyebrow_height": 0.598834311346213,
    "eyebrow_height_std": 8.565079567290702e-05,
    "eyebrow_tension_episodes": 0,
    "facial_movement_intensity": 0.050562399981148184,
    "facial_stability_score": 0.9999328691375736
  },
  "eye_analysis": {
    "mean_eye_openness": 0.31564655075813697,
    "eye_openness_std": 0.0007827784821113447,
    "low_openness_episodes": 0,
    "blink_frequency": 0.0,
    "mean_asymmetry": 0.042911641016016834,
    "high_asymmetry_episodes": 0,
    "eye_fatigue_trend": -6.250271829181952e-08,
    "eye_stability": 0.9992099444370359,
    "sustained_attention_score": 0.7573173770866696,
    "perclos": 0.0,
    "blink_rate_horizon_seconds": 9.15836215019226
  },
  "posture_analysis": {
    "mean_shoulder_height": 0.8640745675563812,
    "shoulder_height_std": 8.661721380006323e-05,
    "shoulder_tension_trend": -1.6449787303193872e-06,
    "mean_shoulder_asymmetry": 0.060278313954671224,
    "high_asymmetry_episodes": 150,
    "mean_head_distance": 0.15707263469696045,
    "head_forward_episodes": 0,
    "posture_stability": 0.9999133902880918,
    "movement_intensity": 0.0008900002956467075
  },
  "behavioral_patterns": {
    "breathing_jaw_correlation": 0.2070329311405837,
    "breathing_eye_correlation": 0.06877502556631447,
    "jaw_eye_correlation": 0.5283437581942363,
    "physiological_coherence": 0.2680505716337115,
    "stress_response_coordination": 0.0,
    "behavioral_volatility": 2.043960154595897
  }
}