{
  "window_id": 4,
  "timestamp_start": 1755842647.353528,
  "timestamp_end": 1755842651.721906,
  "duration_seconds": 4.368377923965454,
  "frame_count": 150,
  "valid_frames": 150,
  "estimated_fps": 34.33768840765395,
  "breathing_analysis": {
    "mean_bpm": 24.571332931518555,
    "median_bpm": 15.850000381469727,
    "mode_bpm": 12.2,
    "bpm_std": 15.157790184020996,
    "bpm_range": 37.79999923706055,
    "bpm_iqr": 30.325000286102295,
    "mean_confidence": 0.13513334095478058,
    "confidence_stability": 0.9235333055257797,
    "mean_variability": 10.521636962890625,
    "bpm_trend": -0.008623138806169016,
    "bpm_acceleration": -2.400482215405744e-17,
    "max_bpm": 50.0,
    "min_bpm": 12.199999809265137,
    "bpm_spikes": 0,
    "time_slow_breathing": 0.0,
    "time_normal_breathing": 0.66,
    "time_fast_breathing": 0.34
  },
  "facial_analysis": {
    "mean_jaw_width": 0.09344916462898255,
    "jaw_width_std": 6.314966380274167e-05,
    "jaw_tension_episodes": 27,
    "mean_mouth_curvature": 0.010448073238134384,
    "smile_frequency": 0.29333333333333333,
    "frown_frequency": 0.0,
    "expression_stability": 0.9999660304204575,
    "mean_eyebrow_height": 0.5988339593807855,
    "eyebrow_height_std": 8.981992723298359e-05,
    "eyebrow_tension_episodes": 0,
    "facial_movement_intensity": 0.04984173651146814,
    "facial_stability_score": 0.9999376913459459
  },
  "eye_analysis": {
    "mean_eye_openness": 0.3155857509148164,
    "eye_openness_std": 0.0007740204060819919,
    "low_openness_episodes": 0,
    "blink_frequency": 6.642646755585738,
    "mean_asymmetry": 0.042908050421561594,
    "high_asymmetry_episodes": 0,
    "eye_fatigue_trend": -2.9851148965358295e-07,
    "eye_stability": 0.9992797418813706,
    "sustained_attention_score": 0.7573012266957243,
    "perclos": 0.0,
    "blink_rate_horizon_seconds": 9.032544136047363
  },
  "posture_analysis": {
    "mean_shoulder_height": 0.8564968454837799,
    "shoulder_height_std": 0.001391495875785675,
    "shoulder_tension_trend": 3.696086698279946e-07,
    "mean_shoulder_asymmetry": 0.05199226458867391,
    "high_asymmetry_episodes": 150,
    "mean_head_distance": 0.1330440624554952,
    "head_forward_episodes": 0,
    "posture_stability": 0.9986104376944317,
    "movement_intensity": 0.02804586118288116
  },
  "behavioral_patterns": {
    "breathing_jaw_correlation": 0.01702428191049011,
    "breathing_eye_correlation": -0.03324919244225079,
    "jaw_eye_correlation": 0.5244085144907121,
    "physiological_coherence": 0.19156066294781768,
    "stress_response_coordination": 0.0,
    "behavioral_volatility": 2.164509278916054
  }
}