{
  "window_id": 19,
  "timestamp_start": 1755842722.626701,
  "timestamp_end": 1755842727.036573,
  "duration_seconds": 4.409871816635132,
  "frame_count": 150,
  "valid_frames": 150,
  "estimated_fps": 34.01459412814739,
  "breathing_analysis": {
    "mean_bpm": 28.0853328704834,
    "median_bpm": 15.399999618530273,
    "mode_bpm": 12.4,
    "bpm_std": 17.421520233154297,
    "bpm_range": 37.599998474121094,
    "bpm_iqr": 36.27500009536743,
    "mean_confidence": 0.10724668204784393,
    "confidence_stability": 0.9569964483380318,
    "mean_variability": 9.595418930053711,
    "bpm_trend": -0.07475852260100432,
    "bpm_acceleration": 0.0006756756756756493,
    "max_bpm": 50.0,
    "min_bpm": 12.399999618530273,
    "bpm_spikes": 0,
    "time_slow_breathing": 0.0,
    "time_normal_breathing": 0.6133333333333333,
    "time_fast_breathing": 0.38666666666666666
  },
  "facial_analysis": {
    "mean_jaw_width": 0.09347798665364583,
    "jaw_width_std": 8.664156356433856e-05,
    "jaw_tension_episodes": 21,
    "mean_mouth_curvature": 0.010469670414924618,
    "smile_frequency": 0.32666666666666666,
    "frown_frequency": 0.0,
    "expression_stability": 0.9999617105201537,
    "mean_eyebrow_height": 0.5988381503820418,
    "eyebrow_height_std": 7.752608273196448e-05,
    "eyebrow_tension_episodes": 0,
    "facial_movement_intensity": 0.049272390997991265,
    "facial_stability_score": 0.9999325192852745
  },
  "eye_analysis": {
    "mean_eye_openness": 0.3158471761028776,
    "eye_openness_std": 0.0007818332812665049,
    "low_openness_episodes": 0,
    "blink_frequency": 15.117597390287727,
    "mean_asymmetry": 0.042828805356996104,
    "high_asymmetry_episodes": 0,
    "eye_fatigue_trend": -2.5806606703823574e-06,
    "eye_stability": 0.999178687565034,
    "sustained_attention_score": 0.7574121791548718,
    "perclos": 0.0,
    "blink_rate_horizon_seconds": 9.086885929107666
  },
  "posture_analysis": {
    "mean_shoulder_height": 0.8642117297649383,
    "shoulder_height_std": 7.23803285054974e-05,
    "shoulder_tension_trend": -1.2188956199081707e-06,
    "mean_shoulder_asymmetry": 0.06044195016225179,
    "high_asymmetry_episodes": 150,
    "mean_head_distance": 0.15732309619585674,
    "head_forward_episodes": 0,
    "posture_stability": 0.9999276249100274,
    "movement_intensity": 0.0007720888859137851
  },
  "behavioral_patterns": {
    "breathing_jaw_correlation": -0.10878106170888385,
    "breathing_eye_correlation": -0.07408295786949207,
    "jaw_eye_correlation": 0.5513924503446143,
    "physiological_coherence": 0.24475215664099673,
    "stress_response_coordination": 0.0,
    "behavioral_volatility": 2.6788883142861137
  }
}