{
  "window_id": 10,
  "timestamp_start": 1755842677.437186,
  "timestamp_end": 1755842681.822217,
  "duration_seconds": 4.38503098487854,
  "frame_count": 150,
  "valid_frames": 150,
  "estimated_fps": 34.20728394332083,
  "breathing_analysis": {
    "mean_bpm": 23.34666633605957,
    "median_bpm": 16.600000381469727,
    "mode_bpm": 12.2,
    "bpm_std": 13.354823112487793,
    "bpm_range": 37.79999923706055,
    "bpm_iqr": 16.300000190734863,
    "mean_confidence": 0.09947333484888077,
    "confidence_stability": 0.9126724377274513,
    "mean_variability": 9.209776878356934,
    "bpm_trend": -0.002780923596604257,
    "bpm_acceleration": -0.2554054054054053,
    "max_bpm": 50.0,
    "min_bpm": 12.199999809265137,
    "bpm_spikes": 0,
    "time_slow_breathing": 0.0,
    "time_normal_breathing": 0.6,
    "time_fast_breathing": 0.4
  },
  "facial_analysis": {
    "mean_jaw_width": 0.09346755345662434,
    "jaw_width_std": 7.86713878635022e-05,
    "jaw_tension_episodes": 26,
    "mean_mouth_curvature": 0.010459082047144564,
    "smile_frequency": 0.3,
    "frown_frequency": 0.0,
    "expression_stability": 0.9999698474007971,
    "mean_eyebrow_height": 0.5988397183616956,
    "eyebrow_height_std": 8.250193155898519e-05,
    "eyebrow_tension_episodes": 0,
    "facial_movement_intensity": 0.0521463215863254,
    "facial_stability_score": 0.9999362293284113
  },
  "eye_analysis": {
    "mean_eye_openness": 0.3157275175072765,
    "eye_openness_std": 0.0006894588770675918,
    "low_openness_episodes": 0,
    "blink_frequency": 6.621491323091411,
    "mean_asymmetry": 0.042886676925347825,
    "high_asymmetry_episodes": 0,
    "eye_fatigue_trend": 7.321136366991838e-07,
    "eye_stability": 0.9993203789838832,
    "sustained_attention_score": 0.7573837939016204,
    "perclos": 0.0,
    "blink_rate_horizon_seconds": 9.061402797698975
  },
  "posture_analysis": {
    "mean_shoulder_height": 0.8652334856987,
    "shoulder_height_std": 0.0008242203222139394,
    "shoulder_tension_trend": 4.081923387612288e-06,
    "mean_shoulder_asymmetry": 0.07141641616821288,
    "high_asymmetry_episodes": 150,
    "mean_head_distance": 0.1446652086575826,
    "head_forward_episodes": 0,
    "posture_stability": 0.9991764584574616,
    "movement_intensity": 0.009442439625897511
  },
  "behavioral_patterns": {
    "breathing_jaw_correlation": 0.06384064389960234,
    "breathing_eye_correlation": 0.08465625098980438,
    "jaw_eye_correlation": 0.6295901500432962,
    "physiological_coherence": 0.25936234831090094,
    "stress_response_coordination": 0.0,
    "behavioral_volatility": 2.745405361202437
  }
}