{
  "window_id": 21,
  "timestamp_start": 1755842732.667973,
  "timestamp_end": 1755842737.0904572,
  "duration_seconds": 4.4224841594696045,
  "frame_count": 150,
  "valid_frames": 150,
  "estimated_fps": 33.917588981933115,
  "breathing_analysis": {
    "mean_bpm": 31.369333267211914,
    "median_bpm": 22.100000381469727,
    "mode_bpm": 12.5,
    "bpm_std": 17.768354415893555,
    "bpm_range": 37.5,
    "bpm_iqr": 36.14999985694885,
    "mean_confidence": 0.14208000898361206,
    "confidence_stability": 0.9282051548361778,
    "mean_variability": 14.502405166625977,
    "bpm_trend": 0.003050802257878217,
    "bpm_acceleration": 0.0006756756756757813,
    "max_bpm": 50.0,
    "min_bpm": 12.5,
    "bpm_spikes": 0,
    "time_slow_breathing": 0.0,
    "time_normal_breathing": 0.47333333333333333,
    "time_fast_breathing": 0.5266666666666666
  },
  "facial_analysis": {
    "mean_jaw_width": 0.09346252004305522,
    "jaw_width_std": 7.889345851923037e-05,
    "jaw_tension_episodes": 24,
    "mean_mouth_curvature": 0.010456269900004068,
    "smile_frequency": 0.30666666666666664,
    "frown_frequency": 0.0,
    "expression_stability": 0.9999624689376175,
    "mean_eyebrow_height": 0.5988350146015485,
    "eyebrow_height_std": 8.37409483066626e-05,
    "eyebrow_tension_episodes": 0,
    "facial_movement_intensity": 0.04999209233491035,
    "facial_stability_score": 0.9999332830583217
  },
  "eye_analysis": {
    "mean_eye_openness": 0.3156909814119846,
    "eye_openness_std": 0.0007567800470322867,
    "low_openness_episodes": 0,
    "blink_frequency": 0.0,
    "mean_asymmetry": 0.04292596256109445,
    "high_asymmetry_episodes": 0,
    "eye_fatigue_trend": 1.2578191507677876e-06,
    "eye_stability": 0.9991749613897126,
    "sustained_attention_score": 0.757336079601286,
    "perclos": 0.0,
    "blink_rate_horizon_seconds": 9.152268171310425
  },
  "posture_analysis": {
    "mean_shoulder_height": 0.8639819522698721,
    "shoulder_height_std": 0.00015578836768023898,
    "shoulder_tension_trend": -2.4894992162551163e-06,
    "mean_shoulder_asymmetry": 0.05996033191680908,
    "high_asymmetry_episodes": 150,
    "mean_head_distance": 0.15657942851384482,
    "head_forward_episodes": 0,
    "posture_stability": 0.999844235898555,
    "movement_intensity": 0.001423763647645448
  },
  "behavioral_patterns": {
    "breathing_jaw_correlation": -0.035812337421414306,
    "breathing_eye_correlation": -0.1349810433823905,
    "jaw_eye_correlation": 0.48288302017225526,
    "physiological_coherence": 0.21789213365868668,
    "stress_response_coordination": 0.0,
    "behavioral_volatility": 2.9550416275244085
  }
}