{
  "window_id": 18,
  "timestamp_start": 1755842717.519934,
  "timestamp_end": 1755842721.975083,
  "duration_seconds": 4.455149173736572,
  "frame_count": 150,
  "valid_frames": 150,
  "estimated_fps": 33.66890628135661,
  "breathing_analysis": {
    "mean_bpm": 27.262001037597656,
    "median_bpm": 14.399999618530273,
    "mode_bpm": 12.5,
    "bpm_std": 17.56212043762207,
    "bpm_range": 37.5,
    "bpm_iqr": 36.674999952316284,
    "mean_confidence": 0.1467866748571396,
    "confidence_stability": 0.9431450255215168,
    "mean_variability": 11.237558364868164,
    "bpm_trend": -0.05366194053069018,
    "bpm_acceleration": 0.0006756756756756372,
    "max_bpm": 50.0,
    "min_bpm": 12.5,
    "bpm_spikes": 0,
    "time_slow_breathing": 0.0,
    "time_normal_breathing": 0.6266666666666667,
    "time_fast_breathing": 0.37333333333333335
  },
  "facial_analysis": {
    "mean_jaw_width": 0.09346699436505636,
    "jaw_width_std": 7.707900106747383e-05,
    "jaw_tension_episodes": 23,
    "mean_mouth_curvature": 0.010459384610255563,
    "smile_frequency": 0.32666666666666666,
    "frown_frequency": 0.0,
    "expression_stability": 0.9999650981030757,
    "mean_eyebrow_height": 0.5988400690754254,
    "eyebrow_height_std": 8.2973511142759e-05,
    "eyebrow_tension_episodes": 0,
    "facial_movement_intensity": 0.05086046606685609,
    "facial_stability_score": 0.999935019877904
  },
  "eye_analysis": {
    "mean_eye_openness": 0.3156895442568859,
    "eye_openness_std": 0.0007225572600160658,
    "low_openness_episodes": 0,
    "blink_frequency": 6.580822669777312,
    "mean_asymmetry": 0.0429849943146039,
    "high_asymmetry_episodes": 0,
    "eye_fatigue_trend": 3.0335226553540953e-06,
    "eye_stability": 0.9992570077444847,
    "sustained_attention_score": 0.7573273308940887,
    "perclos": 0.0,
    "blink_rate_horizon_seconds": 9.117401123046875
  },
  "posture_analysis": {
    "mean_shoulder_height": 0.8641797508796056,
    "shoulder_height_std": 9.374033039711664e-05,
    "shoulder_tension_trend": -4.4785513814774e-07,
    "mean_shoulder_asymmetry": 0.06004815856615702,
    "high_asymmetry_episodes": 150,
    "mean_head_distance": 0.1573202015956243,
    "head_forward_episodes": 0,
    "posture_stability": 0.9999062684560288,
    "movement_intensity": 0.0013900762445308828
  },
  "behavioral_patterns": {
    "breathing_jaw_correlation": -0.07535606229548499,
    "breathing_eye_correlation": -0.06801641820624409,
    "jaw_eye_correlation": 0.5325559029311047,
    "physiological_coherence": 0.22530946114427794,
    "stress_response_coordination": 0.0,
    "behavioral_volatility": 3.0359939639751783
  }
}