{
  "window_id": 15,
  "timestamp_start": 1755848744.008814,
  "timestamp_end": 1755848748.423242,
  "duration_seconds": 4.414427995681763,
  "frame_count": 150,
  "valid_frames": 150,
  "estimated_fps": 33.97948729636806,
  "breathing_analysis": {
    "mean_bpm": 40.802669525146484,
    "median_bpm": 47.400001525878906,
    "mode_bpm": 46.339999999999996,
    "bpm_std": 13.860595703125,
    "bpm_range": 36.599998474121094,
    "bpm_iqr": 5.0,
    "mean_confidence": 0.367499977350235,
    "confidence_stability": 0.7494074404239655,
    "mean_variability": 4.745972633361816,
    "bpm_trend": -0.15399475532245865,
    "bpm_acceleration": -4.800964430811488e-17,
    "max_bpm": 50.0,
    "min_bpm": 13.399999618530273,
    "bpm_spikes": 0,
    "time_slow_breathing": 0.0,
    "time_normal_breathing": 0.21333333333333335,
    "time_fast_breathing": 0.7866666666666666
  },
  "facial_analysis": {
    "mean_jaw_width": 0.06841861883799236,
    "jaw_width_std": 0.0018884440054251822,
    "jaw_tension_episodes": 22,
    "mean_mouth_curvature": -0.0011955105364322694,
    "smile_frequency": 0.013333333333333334,
    "frown_frequency": 0.30666666666666664,
    "expression_stability": 0.9983494769598419,
    "mean_eyebrow_height": 0.575046611169974,
    "eyebrow_height_std": 0.014260314753782238,
    "eyebrow_tension_episodes": 0,
    "facial_movement_intensity": 0.1206622227967955,
    "facial_stability_score": 0.9945718798452102
  },
  "eye_analysis": {
    "mean_eye_openness": 0.3327963626308577,
    "eye_openness_std": 0.04194288537733827,
    "low_openness_episodes": 4,
    "blink_frequency": 0.0,
    "mean_asymmetry": 0.016796218491960495,
    "high_asymmetry_episodes": 0,
    "eye_fatigue_trend": -0.0003607896660772928,
    "eye_stability": 0.9896434470387598,
    "sustained_attention_score": 0.758019086253853,
    "perclos": 0.02666666666666667,
    "blink_rate_horizon_seconds": 8.983565092086792
  },
  "posture_analysis": {
    "mean_shoulder_height": 0.991422308087349,
    "shoulder_height_std": 0.0023936277313727767,
    "shoulder_tension_trend": -3.874960149773919e-05,
    "mean_shoulder_asymmetry": 0.007769612073898316,
    "high_asymmetry_episodes": 0,
    "mean_head_distance": 0.2772144327561061,
    "head_forward_episodes": 0,
    "posture_stability": 0.9976120880409126,
    "movement_intensity": 0.026785481840631096
  },
  "behavioral_patterns": {
    "breathing_jaw_correlation": 0.4574706509366336,
    "breathing_eye_correlation": 0.10639353957573432,
    "jaw_eye_correlation": 0.36509104643470824,
    "physiological_coherence": 0.30965174564902537,
    "stress_response_coordination": 0.7866666666666666,
    "behavioral_volatility": 1.4245121445186812
  }
}