{
  "window_id": 17,
  "timestamp_start": 1755848753.998677,
  "timestamp_end": 1755848758.4427142,
  "duration_seconds": 4.444037199020386,
  "frame_count": 150,
  "valid_frames": 150,
  "estimated_fps": 33.753092803333196,
  "breathing_analysis": {
    "mean_bpm": 31.788667678833008,
    "median_bpm": 33.599998474121094,
    "mode_bpm": 31.099999999999998,
    "bpm_std": 9.202431678771973,
    "bpm_range": 37.79999923706055,
    "bpm_iqr": 0.0,
    "mean_confidence": 0.24086664617061615,
    "confidence_stability": 0.8979888409376144,
    "mean_variability": 6.051126480102539,
    "bpm_trend": -0.0894509089292857,
    "bpm_acceleration": 0.0,
    "max_bpm": 50.0,
    "min_bpm": 12.199999809265137,
    "bpm_spikes": 0,
    "time_slow_breathing": 0.0,
    "time_normal_breathing": 0.16,
    "time_fast_breathing": 0.84
  },
  "facial_analysis": {
    "mean_jaw_width": 0.07447402616341908,
    "jaw_width_std": 0.004336554419830053,
    "jaw_tension_episodes": 30,
    "mean_mouth_curvature": 0.00035389439264933064,
    "smile_frequency": 0.2866666666666667,
    "frown_frequency": 0.12666666666666668,
    "expression_stability": 0.998276812787336,
    "mean_eyebrow_height": 0.5774206208586693,
    "eyebrow_height_std": 0.0025861334684133407,
    "eyebrow_tension_episodes": 0,
    "facial_movement_intensity": 0.11905346558024497,
    "facial_stability_score": 0.9973656242413805
  },
  "eye_analysis": {
    "mean_eye_openness": 0.34163596245953376,
    "eye_openness_std": 0.04715128943843214,
    "low_openness_episodes": 4,
    "blink_frequency": 75.00687289629599,
    "mean_asymmetry": 0.028372674118126304,
    "high_asymmetry_episodes": 16,
    "eye_fatigue_trend": -0.00017669198851429403,
    "eye_stability": 0.9800140178091743,
    "sustained_attention_score": 0.7553706663009918,
    "perclos": 0.03333333333333333,
    "blink_rate_horizon_seconds": 9.177358150482178
  },
  "posture_analysis": {
    "mean_shoulder_height": 0.9925859876473745,
    "shoulder_height_std": 0.0026652314927772544,
    "shoulder_tension_trend": 2.6151239779259017e-05,
    "mean_shoulder_asymmetry": 0.02473767360051473,
    "high_asymmetry_episodes": 30,
    "mean_head_distance": 0.2748132117589315,
    "head_forward_episodes": 0,
    "posture_stability": 0.9973418530840954,
    "movement_intensity": 0.03382261413398756
  },
  "behavioral_patterns": {
    "breathing_jaw_correlation": 0.20443462881268065,
    "breathing_eye_correlation": -0.42944904208562695,
    "jaw_eye_correlation": 0.10144572138059459,
    "physiological_coherence": 0.2451097974263007,
    "stress_response_coordination": 0.6266666666666667,
    "behavioral_volatility": 1.3222266173160337
  }
}