{
  "window_id": 24,
  "timestamp_start": 1755842747.762319,
  "timestamp_end": 1755842752.188839,
  "duration_seconds": 4.426519870758057,
  "frame_count": 150,
  "valid_frames": 150,
  "estimated_fps": 33.88666590901624,
  "breathing_analysis": {
    "mean_bpm": 29.995332717895508,
    "median_bpm": 14.449999809265137,
    "mode_bpm": 12.3,
    "bpm_std": 17.999889373779297,
    "bpm_range": 37.70000076293945,
    "bpm_iqr": 36.30000019073486,
    "mean_confidence": 0.12049999088048935,
    "confidence_stability": 0.938443548977375,
    "mean_variability": 12.792542457580566,
    "bpm_trend": -0.10362825014445072,
    "bpm_acceleration": 0.008783783783783777,
    "max_bpm": 50.0,
    "min_bpm": 12.300000190734863,
    "bpm_spikes": 0,
    "time_slow_breathing": 0.0,
    "time_normal_breathing": 0.54,
    "time_fast_breathing": 0.46
  },
  "facial_analysis": {
    "mean_jaw_width": 0.09346824924151102,
    "jaw_width_std": 8.478777388936398e-05,
    "jaw_tension_episodes": 25,
    "mean_mouth_curvature": 0.01046070353190104,
    "smile_frequency": 0.2866666666666667,
    "frown_frequency": 0.0,
    "expression_stability": 0.9999642136148388,
    "mean_eyebrow_height": 0.5988368601401648,
    "eyebrow_height_std": 7.953464128291792e-05,
    "eyebrow_tension_episodes": 0,
    "facial_movement_intensity": 0.05044262842464138,
    "facial_stability_score": 0.9999333019979663
  },
  "eye_analysis": {
    "mean_eye_openness": 0.31575334337045263,
    "eye_openness_std": 0.0007171371527889302,
    "low_openness_episodes": 0,
    "blink_frequency": 12.248192497234783,
    "mean_asymmetry": 0.042911353670316274,
    "high_asymmetry_episodes": 0,
    "eye_fatigue_trend": -2.706519963444769e-06,
    "eye_stability": 0.9992038815006663,
    "sustained_attention_score": 0.7573749508491158,
    "perclos": 0.0,
    "blink_rate_horizon_seconds": 9.099837064743042
  },
  "posture_analysis": {
    "mean_shoulder_height": 0.8639875121911367,
    "shoulder_height_std": 0.00016379702451763543,
    "shoulder_tension_trend": -3.6404733578591675e-06,
    "mean_shoulder_asymmetry": 0.05995888630549113,
    "high_asymmetry_episodes": 150,
    "mean_head_distance": 0.15672348221143087,
    "head_forward_episodes": 0,
    "posture_stability": 0.9998362298005538,
    "movement_intensity": 0.001119476945374349
  },
  "behavioral_patterns": {
    "breathing_jaw_correlation": 0.094356259613385,
    "breathing_eye_correlation": 0.10836896714385422,
    "jaw_eye_correlation": 0.5116996321455481,
    "physiological_coherence": 0.23814161963426242,
    "stress_response_coordination": 0.0,
    "behavioral_volatility": 2.602564498886004
  }
}