{
  "window_id": 11,
  "timestamp_start": 1755848723.8840609,
  "timestamp_end": 1755848728.3144488,
  "duration_seconds": 4.4303879737854,
  "frame_count": 150,
  "valid_frames": 150,
  "estimated_fps": 33.85707998657224,
  "breathing_analysis": {
    "mean_bpm": 49.100006103515625,
    "median_bpm": 49.099998474121094,
    "mode_bpm": 49.1,
    "bpm_std": 7.62939453125e-06,
    "bpm_range": 0.0,
    "bpm_iqr": 0.0,
    "mean_confidence": 0.44395995140075684,
    "confidence_stability": 0.8212127536535263,
    "mean_variability": 2.6168246269226074,
    "bpm_trend": 2.4159647520120875e-16,
    "bpm_acceleration": 0.0,
    "max_bpm": 49.099998474121094,
    "min_bpm": 49.099998474121094,
    "bpm_spikes": 0,
    "time_slow_breathing": 0.0,
    "time_normal_breathing": 0.0,
    "time_fast_breathing": 1.0
  },
  "facial_analysis": {
    "mean_jaw_width": 0.07597765107949575,
    "jaw_width_std": 0.0013461821519126403,
    "jaw_tension_episodes": 24,
    "mean_mouth_curvature": -0.0011033809979756693,
    "smile_frequency": 0.0,
    "frown_frequency": 0.10666666666666667,
    "expression_stability": 0.9995754504107347,
    "mean_eyebrow_height": 0.584432834982872,
    "eyebrow_height_std": 0.00215160030460267,
    "eyebrow_tension_episodes": 0,
    "facial_movement_intensity": 0.1407492082358136,
    "facial_stability_score": 0.9988352264002724
  },
  "eye_analysis": {
    "mean_eye_openness": 0.3629535546869725,
    "eye_openness_std": 0.037133152976514004,
    "low_openness_episodes": 0,
    "blink_frequency": 6.662017393477393,
    "mean_asymmetry": 0.029579766860115625,
    "high_asymmetry_episodes": 27,
    "eye_fatigue_trend": -0.0003490673393966385,
    "eye_stability": 0.9800585285376172,
    "sustained_attention_score": 0.7654135449501144,
    "perclos": 0.0,
    "blink_rate_horizon_seconds": 9.006280899047852
  },
  "posture_analysis": {
    "mean_shoulder_height": 0.9986630109945933,
    "shoulder_height_std": 0.006539813997540127,
    "shoulder_tension_trend": -6.281797205258799e-05,
    "mean_shoulder_asymmetry": 0.023281476497650146,
    "high_asymmetry_episodes": 31,
    "mean_head_distance": 0.27489354689915974,
    "head_forward_episodes": 0,
    "posture_stability": 0.9935026772845013,
    "movement_intensity": 0.0722732472190691
  },
  "behavioral_patterns": {
    "breathing_jaw_correlation": 1.9243461125312426e-15,
    "breathing_eye_correlation": 1.993228755854822e-15,
    "jaw_eye_correlation": 0.5356636319937946,
    "physiological_coherence": 0.17855454399793283,
    "stress_response_coordination": 1.0,
    "behavioral_volatility": 0.0031837216201243937
  }
}