{
  "window_id": 5,
  "timestamp_start": 1755848693.861056,
  "timestamp_end": 1755848698.1604211,
  "duration_seconds": 4.299365043640137,
  "frame_count": 150,
  "valid_frames": 150,
  "estimated_fps": 34.88887277015206,
  "breathing_analysis": {
    "mean_bpm": 30.389331817626953,
    "median_bpm": 23.850000381469727,
    "mode_bpm": 46.22,
    "bpm_std": 15.589582443237305,
    "bpm_range": 37.79999923706055,
    "bpm_iqr": 31.749999523162842,
    "mean_confidence": 0.14814667403697968,
    "confidence_stability": 0.8832604289054871,
    "mean_variability": 5.602679252624512,
    "bpm_trend": -0.20964487310547114,
    "bpm_acceleration": 7.201446646217232e-17,
    "max_bpm": 50.0,
    "min_bpm": 12.199999809265137,
    "bpm_spikes": 0,
    "time_slow_breathing": 0.0,
    "time_normal_breathing": 0.42,
    "time_fast_breathing": 0.58
  },
  "facial_analysis": {
    "mean_jaw_width": 0.07092970927556355,
    "jaw_width_std": 0.0005739839054772762,
    "jaw_tension_episodes": 23,
    "mean_mouth_curvature": -0.0012356503903865786,
    "smile_frequency": 0.0,
    "frown_frequency": 0.26,
    "expression_stability": 0.9996105278073751,
    "mean_eyebrow_height": 0.5660701167583465,
    "eyebrow_height_std": 0.005823212549037607,
    "eyebrow_tension_episodes": 0,
    "facial_movement_intensity": 0.07371082500747492,
    "facial_stability_score": 0.9968184231488122
  },
  "eye_analysis": {
    "mean_eye_openness": 0.3762144817354301,
    "eye_openness_std": 0.009081673171272755,
    "low_openness_episodes": 0,
    "blink_frequency": 0.0,
    "mean_asymmetry": 0.04565364163271299,
    "high_asymmetry_episodes": 71,
    "eye_fatigue_trend": 3.805603093657796e-05,
    "eye_stability": 0.9780948589569565,
    "sustained_attention_score": 0.7738263889771481,
    "perclos": 0.0,
    "blink_rate_horizon_seconds": 8.929362297058105
  },
  "posture_analysis": {
    "mean_shoulder_height": 0.9748920579751332,
    "shoulder_height_std": 0.001877330739380033,
    "shoulder_tension_trend": 1.2728170668478973e-06,
    "mean_shoulder_asymmetry": 0.004165333906809489,
    "high_asymmetry_episodes": 0,
    "mean_head_distance": 0.280569318930308,
    "head_forward_episodes": 0,
    "posture_stability": 0.9981261870273135,
    "movement_intensity": 0.03163985147438109
  },
  "behavioral_patterns": {
    "breathing_jaw_correlation": 0.2820766078292259,
    "breathing_eye_correlation": -0.4682782795830273,
    "jaw_eye_correlation": 0.007942292728880829,
    "physiological_coherence": 0.25276572671371134,
    "stress_response_coordination": 0.4666666666666667,
    "behavioral_volatility": 2.0839544831707566
  }
}