{
  "window_id": 25,
  "timestamp_start": 1755842752.758902,
  "timestamp_end": 1755842757.189176,
  "duration_seconds": 4.43027400970459,
  "frame_count": 150,
  "valid_frames": 150,
  "estimated_fps": 33.857950923898265,
  "breathing_analysis": {
    "mean_bpm": 23.071334838867188,
    "median_bpm": 14.350000381469727,
    "mode_bpm": 12.2,
    "bpm_std": 15.989202499389648,
    "bpm_range": 37.79999923706055,
    "bpm_iqr": 37.0,
    "mean_confidence": 0.1089399978518486,
    "confidence_stability": 0.9079762250185013,
    "mean_variability": 8.068188667297363,
    "bpm_trend": -0.1979641761856081,
    "bpm_acceleration": -3.600723323108616e-17,
    "max_bpm": 50.0,
    "min_bpm": 12.199999809265137,
    "bpm_spikes": 0,
    "time_slow_breathing": 0.0,
    "time_normal_breathing": 0.74,
    "time_fast_breathing": 0.26
  },
  "facial_analysis": {
    "mean_jaw_width": 0.09348089019457499,
    "jaw_width_std": 8.231138273522091e-05,
    "jaw_tension_episodes": 25,
    "mean_mouth_curvature": 0.010467096964518226,
    "smile_frequency": 0.32,
    "frown_frequency": 0.0,
    "expression_stability": 0.9999659671529758,
    "mean_eyebrow_height": 0.5988377869725228,
    "eyebrow_height_std": 7.556794129159358e-05,
    "eyebrow_tension_episodes": 0,
    "facial_movement_intensity": 0.051767692935387605,
    "facial_stability_score": 0.9999360338239441
  },
  "eye_analysis": {
    "mean_eye_openness": 0.3158062120874797,
    "eye_openness_std": 0.0007030158318320675,
    "low_openness_episodes": 0,
    "blink_frequency": 23.75996556063036,
    "mean_asymmetry": 0.04284564308432438,
    "high_asymmetry_episodes": 0,
    "eye_fatigue_trend": -2.4099368443675676e-06,
    "eye_stability": 0.9992166641846645,
    "sustained_attention_score": 0.7574191843904411,
    "perclos": 0.0,
    "blink_rate_horizon_seconds": 9.109107971191406
  },
  "posture_analysis": {
    "mean_shoulder_height": 0.8640982160965601,
    "shoulder_height_std": 6.151090540364457e-05,
    "shoulder_tension_trend": 1.0253636644916987e-06,
    "mean_shoulder_asymmetry": 0.06079329530398051,
    "high_asymmetry_episodes": 150,
    "mean_head_distance": 0.15709165275096892,
    "head_forward_episodes": 0,
    "posture_stability": 0.9999384928779551,
    "movement_intensity": 0.0009128295800322794
  },
  "behavioral_patterns": {
    "breathing_jaw_correlation": 0.01625454152720159,
    "breathing_eye_correlation": -0.03329478707698539,
    "jaw_eye_correlation": 0.5400944876460629,
    "physiological_coherence": 0.19654793875008333,
    "stress_response_coordination": 0.0,
    "behavioral_volatility": 1.7686073987475608
  }
}