{
  "window_id": 16,
  "timestamp_start": 1755848748.940552,
  "timestamp_end": 1755848753.4270568,
  "duration_seconds": 4.486504793167114,
  "frame_count": 150,
  "valid_frames": 150,
  "estimated_fps": 33.433598517145896,
  "breathing_analysis": {
    "mean_bpm": 37.143333435058594,
    "median_bpm": 45.099998474121094,
    "mode_bpm": 42.839999999999996,
    "bpm_std": 13.986202239990234,
    "bpm_range": 35.79999923706055,
    "bpm_iqr": 25.3999981880188,
    "mean_confidence": 0.2475133240222931,
    "confidence_stability": 0.9164559319615364,
    "mean_variability": 6.8140974044799805,
    "bpm_trend": -0.1473777501222277,
    "bpm_acceleration": 0.0,
    "max_bpm": 50.0,
    "min_bpm": 14.199999809265137,
    "bpm_spikes": 0,
    "time_slow_breathing": 0.0,
    "time_normal_breathing": 0.26,
    "time_fast_breathing": 0.74
  },
  "facial_analysis": {
    "mean_jaw_width": 0.07348680138587951,
    "jaw_width_std": 0.004099761827972648,
    "jaw_tension_episodes": 10,
    "mean_mouth_curvature": -0.00012882482012113248,
    "smile_frequency": 0.28,
    "frown_frequency": 0.16,
    "expression_stability": 0.9983628499448832,
    "mean_eyebrow_height": 0.5729473314483959,
    "eyebrow_height_std": 0.0039512528395379805,
    "eyebrow_tension_episodes": 0,
    "facial_movement_intensity": 0.12003127901696928,
    "facial_stability_score": 0.9971334487118177
  },
  "eye_analysis": {
    "mean_eye_openness": 0.3394979646315642,
    "eye_openness_std": 0.05538063925458136,
    "low_openness_episodes": 9,
    "blink_frequency": 6.559591606135031,
    "mean_asymmetry": 0.02894287423446231,
    "high_asymmetry_episodes": 15,
    "eye_fatigue_trend": 0.0009092995135562121,
    "eye_stability": 0.9816924967583263,
    "sustained_attention_score": 0.7517248170475068,
    "perclos": 0.06333333333333334,
    "blink_rate_horizon_seconds": 9.146910905838013
  },
  "posture_analysis": {
    "mean_shoulder_height": 0.9915197710196177,
    "shoulder_height_std": 0.00251838002015143,
    "shoulder_tension_trend": 3.323934508342793e-05,
    "mean_shoulder_asymmetry": 0.023042428493499755,
    "high_asymmetry_episodes": 0,
    "mean_head_distance": 0.2824169945716858,
    "head_forward_episodes": 0,
    "posture_stability": 0.9974879462857322,
    "movement_intensity": 0.027936930539947863
  },
  "behavioral_patterns": {
    "breathing_jaw_correlation": 0.23092334051618568,
    "breathing_eye_correlation": -0.20258573718579037,
    "jaw_eye_correlation": 0.12187984416546456,
    "physiological_coherence": 0.1851296406224802,
    "stress_response_coordination": 0.6666666666666666,
    "behavioral_volatility": 1.968833917131686
  }
}