{
  "window_id": 8,
  "timestamp_start": 1755842667.355378,
  "timestamp_end": 1755842671.8033879,
  "duration_seconds": 4.448009967803955,
  "frame_count": 150,
  "valid_frames": 150,
  "estimated_fps": 33.72294601085552,
  "breathing_analysis": {
    "mean_bpm": 38.3813362121582,
    "median_bpm": 44.29999923706055,
    "mode_bpm": 46.51,
    "bpm_std": 14.17985725402832,
    "bpm_range": 34.900001525878906,
    "bpm_iqr": 31.9750018119812,
    "mean_confidence": 0.24211329221725464,
    "confidence_stability": 0.9163902997970581,
    "mean_variability": 7.724451541900635,
    "bpm_trend": -0.08317134094848658,
    "bpm_acceleration": 7.201446646217232e-17,
    "max_bpm": 50.0,
    "min_bpm": 15.100000381469727,
    "bpm_spikes": 0,
    "time_slow_breathing": 0.0,
    "time_normal_breathing": 0.26666666666666666,
    "time_fast_breathing": 0.7333333333333333
  },
  "facial_analysis": {
    "mean_jaw_width": 0.09348891218503316,
    "jaw_width_std": 7.953911190271234e-05,
    "jaw_tension_episodes": 24,
    "mean_mouth_curvature": 0.010471086531877517,
    "smile_frequency": 0.29333333333333333,
    "frown_frequency": 0.0,
    "expression_stability": 0.9999679525420364,
    "mean_eyebrow_height": 0.5988412106633186,
    "eyebrow_height_std": 7.325290467688463e-05,
    "eyebrow_tension_episodes": 0,
    "facial_movement_intensity": 0.04705843034847628,
    "facial_stability_score": 0.9999383910813419
  },
  "eye_analysis": {
    "mean_eye_openness": 0.3158563782198684,
    "eye_openness_std": 0.0006731480779014754,
    "low_openness_episodes": 0,
    "blink_frequency": 0.0,
    "mean_asymmetry": 0.042830026676977606,
    "high_asymmetry_episodes": 0,
    "eye_fatigue_trend": -2.254376048244976e-06,
    "eye_stability": 0.9991970157925137,
    "sustained_attention_score": 0.7574510678216632,
    "perclos": 0.0,
    "blink_rate_horizon_seconds": 9.081909894943237
  },
  "posture_analysis": {
    "mean_shoulder_height": 0.8560607014099757,
    "shoulder_height_std": 0.0012798562426845617,
    "shoulder_tension_trend": 2.223292559145872e-05,
    "mean_shoulder_asymmetry": 0.05655129392941793,
    "high_asymmetry_episodes": 150,
    "mean_head_distance": 0.137181622783343,
    "head_forward_episodes": 0,
    "posture_stability": 0.9987217796955516,
    "movement_intensity": 0.0184922616811
  },
  "behavioral_patterns": {
    "breathing_jaw_correlation": -0.00686466250679629,
    "breathing_eye_correlation": 0.01244710695804129,
    "jaw_eye_correlation": 0.5118788176649187,
    "physiological_coherence": 0.1770635290432521,
    "stress_response_coordination": 0.0,
    "behavioral_volatility": 2.152051443610714
  }
}