{
  "window_id": 14,
  "timestamp_start": 1755842697.492216,
  "timestamp_end": 1755842701.89871,
  "duration_seconds": 4.406493902206421,
  "frame_count": 150,
  "valid_frames": 150,
  "estimated_fps": 34.0406689147787,
  "breathing_analysis": {
    "mean_bpm": 33.40399932861328,
    "median_bpm": 42.400001525878906,
    "mode_bpm": 13.0,
    "bpm_std": 17.047313690185547,
    "bpm_range": 37.0,
    "bpm_iqr": 35.80000019073486,
    "mean_confidence": 0.1863200068473816,
    "confidence_stability": 0.916536770761013,
    "mean_variability": 8.723675727844238,
    "bpm_trend": 0.162914262856127,
    "bpm_acceleration": 6.00120553851436e-17,
    "max_bpm": 50.0,
    "min_bpm": 13.0,
    "bpm_spikes": 0,
    "time_slow_breathing": 0.0,
    "time_normal_breathing": 0.44,
    "time_fast_breathing": 0.56
  },
  "facial_analysis": {
    "mean_jaw_width": 0.09347020387649536,
    "jaw_width_std": 7.467046915921404e-05,
    "jaw_tension_episodes": 21,
    "mean_mouth_curvature": 0.010458632866541542,
    "smile_frequency": 0.3466666666666667,
    "frown_frequency": 0.0,
    "expression_stability": 0.9999652364371328,
    "mean_eyebrow_height": 0.5988368310928345,
    "eyebrow_height_std": 8.187474262136381e-05,
    "eyebrow_tension_episodes": 0,
    "facial_movement_intensity": 0.048876227308314625,
    "facial_stability_score": 0.999936234904001
  },
  "eye_analysis": {
    "mean_eye_openness": 0.3156993589351533,
    "eye_openness_std": 0.0007814004760501954,
    "low_openness_episodes": 0,
    "blink_frequency": 37.82296546086522,
    "mean_asymmetry": 0.04290255314835713,
    "high_asymmetry_episodes": 0,
    "eye_fatigue_trend": 2.3290405651331016e-06,
    "eye_stability": 0.999254092257266,
    "sustained_attention_score": 0.7573384684369153,
    "perclos": 0.0,
    "blink_rate_horizon_seconds": 9.08670687675476
  },
  "posture_analysis": {
    "mean_shoulder_height": 0.8637023945649465,
    "shoulder_height_std": 0.0008196351661420694,
    "shoulder_tension_trend": -1.8578119196145464e-05,
    "mean_shoulder_asymmetry": 0.06232285737991333,
    "high_asymmetry_episodes": 150,
    "mean_head_distance": 0.14607183972994486,
    "head_forward_episodes": 0,
    "posture_stability": 0.9991810360854821,
    "movement_intensity": 0.0022949918336944326
  },
  "behavioral_patterns": {
    "breathing_jaw_correlation": -0.054270259082573526,
    "breathing_eye_correlation": -0.03439818936331106,
    "jaw_eye_correlation": 0.49685501197813436,
    "physiological_coherence": 0.1951744868080063,
    "stress_response_coordination": 0.0,
    "behavioral_volatility": 1.877301722188396
  }
}