{
  "window_id": 17,
  "timestamp_start": 1755842712.562458,
  "timestamp_end": 1755842716.959085,
  "duration_seconds": 4.396626949310303,
  "frame_count": 150,
  "valid_frames": 150,
  "estimated_fps": 34.11706331453262,
  "breathing_analysis": {
    "mean_bpm": 29.116666793823242,
    "median_bpm": 14.550000190734863,
    "mode_bpm": 12.8,
    "bpm_std": 17.780017852783203,
    "bpm_range": 37.20000076293945,
    "bpm_iqr": 36.30000019073486,
    "mean_confidence": 0.12426000088453293,
    "confidence_stability": 0.9444904290139675,
    "mean_variability": 11.175741195678711,
    "bpm_trend": 0.09924014400640022,
    "bpm_acceleration": -0.0013513513513512866,
    "max_bpm": 50.0,
    "min_bpm": 12.800000190734863,
    "bpm_spikes": 0,
    "time_slow_breathing": 0.0,
    "time_normal_breathing": 0.58,
    "time_fast_breathing": 0.42
  },
  "facial_analysis": {
    "mean_jaw_width": 0.09347587903340658,
    "jaw_width_std": 8.211406076380425e-05,
    "jaw_tension_episodes": 23,
    "mean_mouth_curvature": 0.01046976241469383,
    "smile_frequency": 0.3333333333333333,
    "frown_frequency": 0.0,
    "expression_stability": 0.9999640591911299,
    "mean_eyebrow_height": 0.5988386241594951,
    "eyebrow_height_std": 7.62555757342186e-05,
    "eyebrow_tension_episodes": 0,
    "facial_movement_intensity": 0.04765262378075005,
    "facial_stability_score": 0.999935234467654
  },
  "eye_analysis": {
    "mean_eye_openness": 0.31583363956930877,
    "eye_openness_std": 0.0007505785386887749,
    "low_openness_episodes": 0,
    "blink_frequency": 20.267562365068883,
    "mean_asymmetry": 0.042823287575200555,
    "high_asymmetry_episodes": 0,
    "eye_fatigue_trend": -9.394771509940646e-07,
    "eye_stability": 0.9991339622611279,
    "sustained_attention_score": 0.75741992448514,
    "perclos": 0.0,
    "blink_rate_horizon_seconds": 9.07014799118042
  },
  "posture_analysis": {
    "mean_shoulder_height": 0.8640866502126058,
    "shoulder_height_std": 0.00018423874292761727,
    "shoulder_tension_trend": 3.2836874091213836e-06,
    "mean_shoulder_asymmetry": 0.06002542654673258,
    "high_asymmetry_episodes": 150,
    "mean_head_distance": 0.15718936920166016,
    "head_forward_episodes": 0,
    "posture_stability": 0.9998157951947342,
    "movement_intensity": 0.0012529447131549817
  },
  "behavioral_patterns": {
    "breathing_jaw_correlation": -0.1966980222410866,
    "breathing_eye_correlation": -0.22260832150844945,
    "jaw_eye_correlation": 0.5299188636695843,
    "physiological_coherence": 0.3164084024730401,
    "stress_response_coordination": 0.0,
    "behavioral_volatility": 2.0078286210414085
  }
}