{
  "window_id": 15,
  "timestamp_start": 1755843011.130582,
  "timestamp_end": 1755843015.871744,
  "duration_seconds": 4.741161823272705,
  "frame_count": 150,
  "valid_frames": 150,
  "estimated_fps": 31.637814862952467,
  "breathing_analysis": {
    "mean_bpm": 36.858665466308594,
    "median_bpm": 50.0,
    "mode_bpm": 46.29,
    "bpm_std": 16.917022705078125,
    "bpm_range": 37.099998474121094,
    "bpm_iqr": 35.69999980926514,
    "mean_confidence": 0.16348667442798615,
    "confidence_stability": 0.8972532078623772,
    "mean_variability": 5.328781604766846,
    "bpm_trend": -0.20571189830659126,
    "bpm_acceleration": 0.0,
    "max_bpm": 50.0,
    "min_bpm": 12.899999618530273,
    "bpm_spikes": 0,
    "time_slow_breathing": 0.0,
    "time_normal_breathing": 0.31333333333333335,
    "time_fast_breathing": 0.6866666666666666
  },
  "facial_analysis": {
    "mean_jaw_width": 0.09346134066581727,
    "jaw_width_std": 7.611402726063389e-05,
    "jaw_tension_episodes": 27,
    "mean_mouth_curvature": 0.010454963415861128,
    "smile_frequency": 0.30666666666666664,
    "frown_frequency": 0.0,
    "expression_stability": 0.9999668456063333,
    "mean_eyebrow_height": 0.5988380084037781,
    "eyebrow_height_std": 8.622610930800313e-05,
    "eyebrow_tension_episodes": 0,
    "facial_movement_intensity": 0.050527297011164235,
    "facial_stability_score": 0.999934839932049
  },
  "eye_analysis": {
    "mean_eye_openness": 0.31566621447186655,
    "eye_openness_std": 0.0007422446143411339,
    "low_openness_episodes": 0,
    "blink_frequency": 6.194285622018829,
    "mean_asymmetry": 0.042882150919941346,
    "high_asymmetry_episodes": 0,
    "eye_fatigue_trend": -2.2506480754571535e-06,
    "eye_stability": 0.9993044943793822,
    "sustained_attention_score": 0.7573472729791947,
    "perclos": 0.0,
    "blink_rate_horizon_seconds": 9.686347007751465
  },
  "posture_analysis": {
    "mean_shoulder_height": 0.8625261278947195,
    "shoulder_height_std": 0.00022710545292665523,
    "shoulder_tension_trend": -5.1423901319243865e-06,
    "mean_shoulder_asymmetry": 0.0598833433787028,
    "high_asymmetry_episodes": 150,
    "mean_head_distance": 0.1468311063448588,
    "head_forward_episodes": 0,
    "posture_stability": 0.9997729461122494,
    "movement_intensity": 0.0012555095078964624
  },
  "behavioral_patterns": {
    "breathing_jaw_correlation": 0.20730207867884026,
    "breathing_eye_correlation": 0.08405756981183746,
    "jaw_eye_correlation": 0.54892679760935,
    "physiological_coherence": 0.2800954820333426,
    "stress_response_coordination": 0.0,
    "behavioral_volatility": 1.229362063437461
  }
}