{
  "window_id": 20,
  "timestamp_start": 1755849497.66933,
  "timestamp_end": 1755849502.122865,
  "duration_seconds": 4.453535079956055,
  "frame_count": 150,
  "valid_frames": 150,
  "estimated_fps": 33.68110889596498,
  "breathing_analysis": {
    "mean_bpm": 29.595996856689453,
    "median_bpm": 25.700000762939453,
    "mode_bpm": 24.080000000000002,
    "bpm_std": 5.262024879455566,
    "bpm_range": 21.69999885559082,
    "bpm_iqr": 11.39999771118164,
    "mean_confidence": 0.3569599390029907,
    "confidence_stability": 0.8856635466217995,
    "mean_variability": 1.4669324159622192,
    "bpm_trend": -0.10020640917374107,
    "bpm_acceleration": 0.0,
    "max_bpm": 37.099998474121094,
    "min_bpm": 15.399999618530273,
    "bpm_spikes": 0,
    "time_slow_breathing": 0.0,
    "time_normal_breathing": 0.03333333333333333,
    "time_fast_breathing": 0.9666666666666667
  },
  "facial_analysis": {
    "mean_jaw_width": 0.07434557437896729,
    "jaw_width_std": 0.0005432234206454567,
    "jaw_tension_episodes": 20,
    "mean_mouth_curvature": -0.002204849094152448,
    "smile_frequency": 0.0,
    "frown_frequency": 0.2866666666666667,
    "expression_stability": 0.999735187789751,
    "mean_eyebrow_height": 0.5201483878095945,
    "eyebrow_height_std": 0.0014701545427743693,
    "eyebrow_tension_episodes": 0,
    "facial_movement_intensity": 0.06324932154439726,
    "facial_stability_score": 0.9989945375747852
  },
  "eye_analysis": {
    "mean_eye_openness": 0.33424146222174983,
    "eye_openness_std": 0.04887234228285183,
    "low_openness_episodes": 5,
    "blink_frequency": 91.85756971626813,
    "mean_asymmetry": 0.01129385058582732,
    "high_asymmetry_episodes": 1,
    "eye_fatigue_trend": -0.00047862598558507194,
    "eye_stability": 0.9920143040430155,
    "sustained_attention_score": 0.7580250897843568,
    "perclos": 0.03333333333333333,
    "blink_rate_horizon_seconds": 9.243654012680054
  },
  "posture_analysis": {
    "mean_shoulder_height": 0.9567017594973246,
    "shoulder_height_std": 0.000991980957201043,
    "shoulder_tension_trend": -1.9502984698045275e-05,
    "mean_shoulder_asymmetry": 0.03179715394973755,
    "high_asymmetry_episodes": 132,
    "mean_head_distance": 0.3165370480219523,
    "head_forward_episodes": 0,
    "posture_stability": 0.9990090020938506,
    "movement_intensity": 0.011556043936850538
  },
  "behavioral_patterns": {
    "breathing_jaw_correlation": 0.1604080811248888,
    "breathing_eye_correlation": 0.25417238611628207,
    "jaw_eye_correlation": -0.47003334798528534,
    "physiological_coherence": 0.29487127174215205,
    "stress_response_coordination": 0.9666666666666667,
    "behavioral_volatility": 0.5040090465776473
  }
}