{
  "window_id": 13,
  "timestamp_start": 1755843001.157591,
  "timestamp_end": 1755843005.7568169,
  "duration_seconds": 4.599225759506226,
  "frame_count": 150,
  "valid_frames": 150,
  "estimated_fps": 32.61418504842086,
  "breathing_analysis": {
    "mean_bpm": 28.078664779663086,
    "median_bpm": 31.600000381469727,
    "mode_bpm": 12.2,
    "bpm_std": 13.793329238891602,
    "bpm_range": 37.79999923706055,
    "bpm_iqr": 21.274998903274536,
    "mean_confidence": 0.14300666749477386,
    "confidence_stability": 0.9020821750164032,
    "mean_variability": 7.655714511871338,
    "bpm_trend": -0.080300813369483,
    "bpm_acceleration": 1.200241107702872e-17,
    "max_bpm": 50.0,
    "min_bpm": 12.199999809265137,
    "bpm_spikes": 0,
    "time_slow_breathing": 0.0,
    "time_normal_breathing": 0.4266666666666667,
    "time_fast_breathing": 0.5733333333333334
  },
  "facial_analysis": {
    "mean_jaw_width": 0.09348485032717387,
    "jaw_width_std": 7.875784646032033e-05,
    "jaw_tension_episodes": 23,
    "mean_mouth_curvature": 0.010471458464860915,
    "smile_frequency": 0.3333333333333333,
    "frown_frequency": 0.0,
    "expression_stability": 0.9999643765718128,
    "mean_eyebrow_height": 0.5988406401872635,
    "eyebrow_height_std": 7.725605326178561e-05,
    "eyebrow_tension_episodes": 0,
    "facial_movement_intensity": 0.049056513966152404,
    "facial_stability_score": 0.9999361253704736
  },
  "eye_analysis": {
    "mean_eye_openness": 0.31579050681509735,
    "eye_openness_std": 0.0007120374469239416,
    "low_openness_episodes": 0,
    "blink_frequency": 36.237983387134285,
    "mean_asymmetry": 0.04280098238406209,
    "high_asymmetry_episodes": 0,
    "eye_fatigue_trend": -1.5844939131317887e-06,
    "eye_stability": 0.9992030928087241,
    "sustained_attention_score": 0.7574258289947039,
    "perclos": 0.0,
    "blink_rate_horizon_seconds": 9.4196937084198
  },
  "posture_analysis": {
    "mean_shoulder_height": 0.8664209765195846,
    "shoulder_height_std": 0.000522289147848932,
    "shoulder_tension_trend": -1.1980590345993965e-05,
    "mean_shoulder_asymmetry": 0.06355303247769674,
    "high_asymmetry_episodes": 150,
    "mean_head_distance": 0.14842426915963491,
    "head_forward_episodes": 0,
    "posture_stability": 0.9994779834957063,
    "movement_intensity": 0.001845954167829804
  },
  "behavioral_patterns": {
    "breathing_jaw_correlation": -0.0004008691487225194,
    "breathing_eye_correlation": -0.04176619753076965,
    "jaw_eye_correlation": 0.526079216716902,
    "physiological_coherence": 0.18941542779879808,
    "stress_response_coordination": 0.0,
    "behavioral_volatility": 1.9757479897991068
  }
}