{
  "window_id": 5,
  "timestamp_start": 1755849422.23073,
  "timestamp_end": 1755849426.825878,
  "duration_seconds": 4.5951478481292725,
  "frame_count": 150,
  "valid_frames": 150,
  "estimated_fps": 32.64312813374795,
  "breathing_analysis": {
    "mean_bpm": 26.1473331451416,
    "median_bpm": 16.0,
    "mode_bpm": 12.2,
    "bpm_std": 16.40867042541504,
    "bpm_range": 37.79999923706055,
    "bpm_iqr": 35.34999966621399,
    "mean_confidence": 0.1008399948477745,
    "confidence_stability": 0.9274739548563957,
    "mean_variability": 10.702218055725098,
    "bpm_trend": -0.13212018311924967,
    "bpm_acceleration": -0.21486486486486484,
    "max_bpm": 50.0,
    "min_bpm": 12.199999809265137,
    "bpm_spikes": 0,
    "time_slow_breathing": 0.0,
    "time_normal_breathing": 0.68,
    "time_fast_breathing": 0.32
  },
  "facial_analysis": {
    "mean_jaw_width": 0.08999233802159627,
    "jaw_width_std": 0.0013865377310964043,
    "jaw_tension_episodes": 25,
    "mean_mouth_curvature": 0.0027152637143929726,
    "smile_frequency": 0.30666666666666664,
    "frown_frequency": 0.0,
    "expression_stability": 0.9995981229044886,
    "mean_eyebrow_height": 0.5220621091723442,
    "eyebrow_height_std": 0.0024775786853077552,
    "eyebrow_tension_episodes": 0,
    "facial_movement_intensity": 0.1622120814625683,
    "facial_stability_score": 0.9985807369929148
  },
  "eye_analysis": {
    "mean_eye_openness": 0.35227659935869615,
    "eye_openness_std": 0.03480310423614016,
    "low_openness_episodes": 0,
    "blink_frequency": 6.417598224991,
    "mean_asymmetry": 0.017699246159943876,
    "high_asymmetry_episodes": 2,
    "eye_fatigue_trend": -1.970717300940692e-05,
    "eye_stability": 0.9884002812642628,
    "sustained_attention_score": 0.7665914163208707,
    "perclos": 0.05333333333333334,
    "blink_rate_horizon_seconds": 9.349292039871216
  },
  "posture_analysis": {
    "mean_shoulder_height": 0.9572329346338908,
    "shoulder_height_std": 0.0012069282328460243,
    "shoulder_tension_trend": -4.139263591023226e-06,
    "mean_shoulder_asymmetry": 0.029425220489501955,
    "high_asymmetry_episodes": 50,
    "mean_head_distance": 0.3160421327749888,
    "head_forward_episodes": 0,
    "posture_stability": 0.9987945266869295,
    "movement_intensity": 0.024663575981068046
  },
  "behavioral_patterns": {
    "breathing_jaw_correlation": -0.30928989917269667,
    "breathing_eye_correlation": 0.5257423118956681,
    "jaw_eye_correlation": -0.6446104101649822,
    "physiological_coherence": 0.49321420707778235,
    "stress_response_coordination": 0.0,
    "behavioral_volatility": 2.6486776603221225
  }
}