{
  "window_id": 22,
  "timestamp_start": 1755849507.4805892,
  "timestamp_end": 1755849512.172661,
  "duration_seconds": 4.692071914672852,
  "frame_count": 150,
  "valid_frames": 150,
  "estimated_fps": 31.96881947417009,
  "breathing_analysis": {
    "mean_bpm": 34.357337951660156,
    "median_bpm": 42.70000076293945,
    "mode_bpm": 42.44,
    "bpm_std": 11.633403778076172,
    "bpm_range": 37.79999923706055,
    "bpm_iqr": 21.80000114440918,
    "mean_confidence": 0.28786662220954895,
    "confidence_stability": 0.913174070417881,
    "mean_variability": 8.530242919921875,
    "bpm_trend": -0.04223761056046928,
    "bpm_acceleration": -4.800964430811488e-17,
    "max_bpm": 50.0,
    "min_bpm": 12.199999809265137,
    "bpm_spikes": 0,
    "time_slow_breathing": 0.0,
    "time_normal_breathing": 0.05333333333333334,
    "time_fast_breathing": 0.9466666666666667
  },
  "facial_analysis": {
    "mean_jaw_width": 0.08033228993415832,
    "jaw_width_std": 0.004377630006934537,
    "jaw_tension_episodes": 20,
    "mean_mouth_curvature": 0.0038589379886786153,
    "smile_frequency": 0.34,
    "frown_frequency": 0.0,
    "expression_stability": 0.9992337681192905,
    "mean_eyebrow_height": 0.5416243712206682,
    "eyebrow_height_std": 0.007988581521036016,
    "eyebrow_tension_episodes": 0,
    "facial_movement_intensity": 0.09764001942574903,
    "facial_stability_score": 0.9956501783453998
  },
  "eye_analysis": {
    "mean_eye_openness": 0.35690772452111974,
    "eye_openness_std": 0.061260828846744754,
    "low_openness_episodes": 5,
    "blink_frequency": 7.551689639567738,
    "mean_asymmetry": 0.02236788504462541,
    "high_asymmetry_episodes": 2,
    "eye_fatigue_trend": -0.000687793696715782,
    "eye_stability": 0.9872917098910461,
    "sustained_attention_score": 0.7577596702099165,
    "perclos": 0.03,
    "blink_rate_horizon_seconds": 9.462172031402588
  },
  "posture_analysis": {
    "mean_shoulder_height": 0.9647277661164602,
    "shoulder_height_std": 0.0012092534346642122,
    "shoulder_tension_trend": 2.1928015950150727e-05,
    "mean_shoulder_asymmetry": 0.027737279733022053,
    "high_asymmetry_episodes": 5,
    "mean_head_distance": 0.2832307223478953,
    "head_forward_episodes": 0,
    "posture_stability": 0.9987922070930569,
    "movement_intensity": 0.025802402117678824
  },
  "behavioral_patterns": {
    "breathing_jaw_correlation": -0.20372049664912475,
    "breathing_eye_correlation": 0.396928846949357,
    "jaw_eye_correlation": 0.22564844792064875,
    "physiological_coherence": 0.2754325971730435,
    "stress_response_coordination": 0.10666666666666667,
    "behavioral_volatility": 1.8025347720434268
  }
}