{
  "window_id": 12,
  "timestamp_start": 1755849457.519903,
  "timestamp_end": 1755849461.9347022,
  "duration_seconds": 4.414799213409424,
  "frame_count": 150,
  "valid_frames": 150,
  "estimated_fps": 33.9766301362909,
  "breathing_analysis": {
    "mean_bpm": 35.456661224365234,
    "median_bpm": 41.400001525878906,
    "mode_bpm": 38.519999999999996,
    "bpm_std": 11.907485008239746,
    "bpm_range": 37.599998474121094,
    "bpm_iqr": 0.0,
    "mean_confidence": 0.2547399401664734,
    "confidence_stability": 0.9048124328255653,
    "mean_variability": 4.9946980476379395,
    "bpm_trend": 0.16251406729187967,
    "bpm_acceleration": 3.600723323108616e-17,
    "max_bpm": 49.79999923706055,
    "min_bpm": 12.199999809265137,
    "bpm_spikes": 0,
    "time_slow_breathing": 0.0,
    "time_normal_breathing": 0.22666666666666666,
    "time_fast_breathing": 0.7733333333333333
  },
  "facial_analysis": {
    "mean_jaw_width": 0.0806315803527832,
    "jaw_width_std": 0.0011906359400859828,
    "jaw_tension_episodes": 7,
    "mean_mouth_curvature": 0.002167735377947484,
    "smile_frequency": 0.26666666666666666,
    "frown_frequency": 0.0,
    "expression_stability": 0.9996447229998081,
    "mean_eyebrow_height": 0.5343080136179924,
    "eyebrow_height_std": 0.0006120724811288519,
    "eyebrow_tension_episodes": 0,
    "facial_movement_intensity": 0.07661128264999775,
    "facial_stability_score": 0.9992813103623864
  },
  "eye_analysis": {
    "mean_eye_openness": 0.3125631224280072,
    "eye_openness_std": 0.05484180283219407,
    "low_openness_episodes": 5,
    "blink_frequency": 27.548619029425055,
    "mean_asymmetry": 0.014953644088065179,
    "high_asymmetry_episodes": 0,
    "eye_fatigue_trend": -0.00031088386648327215,
    "eye_stability": 0.9930321588036175,
    "sustained_attention_score": 0.7475892251692492,
    "perclos": 0.04666666666666667,
    "blink_rate_horizon_seconds": 9.183802127838135
  },
  "posture_analysis": {
    "mean_shoulder_height": 0.9588485558827718,
    "shoulder_height_std": 0.0006300779163032288,
    "shoulder_tension_trend": -1.0476252032235169e-05,
    "mean_shoulder_asymmetry": 0.027533698081970214,
    "high_asymmetry_episodes": 8,
    "mean_head_distance": 0.30854535301526387,
    "head_forward_episodes": 0,
    "posture_stability": 0.999370318831895,
    "movement_intensity": 0.0161340698041025
  },
  "behavioral_patterns": {
    "breathing_jaw_correlation": -0.5795436480925338,
    "breathing_eye_correlation": -0.10115267433162908,
    "jaw_eye_correlation": 0.12228616087355627,
    "physiological_coherence": 0.2676608277659064,
    "stress_response_coordination": 0.38666666666666666,
    "behavioral_volatility": 1.2730042334380298
  }
}