{
  "window_id": 24,
  "timestamp_start": 1755849517.689885,
  "timestamp_end": 1755849522.187968,
  "duration_seconds": 4.498083114624023,
  "frame_count": 150,
  "valid_frames": 150,
  "estimated_fps": 33.3475385353207,
  "breathing_analysis": {
    "mean_bpm": 34.61333465576172,
    "median_bpm": 42.5,
    "mode_bpm": 38.84,
    "bpm_std": 10.846957206726074,
    "bpm_range": 37.20000076293945,
    "bpm_iqr": 15.600000381469727,
    "mean_confidence": 0.28811997175216675,
    "confidence_stability": 0.8917991369962692,
    "mean_variability": 7.136417865753174,
    "bpm_trend": 0.05642206320280907,
    "bpm_acceleration": 0.0006756756756757813,
    "max_bpm": 50.0,
    "min_bpm": 12.800000190734863,
    "bpm_spikes": 0,
    "time_slow_breathing": 0.0,
    "time_normal_breathing": 0.14666666666666667,
    "time_fast_breathing": 0.8533333333333334
  },
  "facial_analysis": {
    "mean_jaw_width": 0.07404658118883768,
    "jaw_width_std": 0.0005464449923395499,
    "jaw_tension_episodes": 21,
    "mean_mouth_curvature": -0.0010872717698415105,
    "smile_frequency": 0.0,
    "frown_frequency": 0.0,
    "expression_stability": 0.9998168864841045,
    "mean_eyebrow_height": 0.5241248142520586,
    "eyebrow_height_std": 0.0007091828495173965,
    "eyebrow_tension_episodes": 0,
    "facial_movement_intensity": 0.06362937174998451,
    "facial_stability_score": 0.9993725865905412
  },
  "eye_analysis": {
    "mean_eye_openness": 0.33735949035535073,
    "eye_openness_std": 0.03992601498148069,
    "low_openness_episodes": 3,
    "blink_frequency": 111.15846178440233,
    "mean_asymmetry": 0.021128127403310732,
    "high_asymmetry_episodes": 2,
    "eye_fatigue_trend": 0.0004057644110972423,
    "eye_stability": 0.9882434406702855,
    "sustained_attention_score": 0.7587684493235197,
    "perclos": 0.02,
    "blink_rate_horizon_seconds": 9.241157054901123
  },
  "posture_analysis": {
    "mean_shoulder_height": 0.960099681019783,
    "shoulder_height_std": 0.0006615020668750579,
    "shoulder_tension_trend": 3.114175338729376e-06,
    "mean_shoulder_asymmetry": 0.026668887535730997,
    "high_asymmetry_episodes": 0,
    "mean_head_distance": 0.3086389368772507,
    "head_forward_episodes": 0,
    "posture_stability": 0.9993389352288374,
    "movement_intensity": 0.010450088223721702
  },
  "behavioral_patterns": {
    "breathing_jaw_correlation": -0.056356749526220294,
    "breathing_eye_correlation": 0.07751844073939732,
    "jaw_eye_correlation": -0.21544757818560248,
    "physiological_coherence": 0.11644092281707337,
    "stress_response_coordination": 0.8133333333333334,
    "behavioral_volatility": 1.6918695314358476
  }
}