{
  "window_id": 11,
  "timestamp_start": 1755849452.449963,
  "timestamp_end": 1755849456.9196641,
  "duration_seconds": 4.469701051712036,
  "frame_count": 150,
  "valid_frames": 150,
  "estimated_fps": 33.559291385392605,
  "breathing_analysis": {
    "mean_bpm": 43.163333892822266,
    "median_bpm": 49.79999923706055,
    "mode_bpm": 46.26,
    "bpm_std": 13.346027374267578,
    "bpm_range": 37.400001525878906,
    "bpm_iqr": 0.0,
    "mean_confidence": 0.23363995552062988,
    "confidence_stability": 0.8950755596160889,
    "mean_variability": 7.404526233673096,
    "bpm_trend": 0.13171589848437715,
    "bpm_acceleration": 1.9203857723245952e-16,
    "max_bpm": 50.0,
    "min_bpm": 12.600000381469727,
    "bpm_spikes": 0,
    "time_slow_breathing": 0.0,
    "time_normal_breathing": 0.17333333333333334,
    "time_fast_breathing": 0.8266666666666667
  },
  "facial_analysis": {
    "mean_jaw_width": 0.08628511826197306,
    "jaw_width_std": 0.006196680043049867,
    "jaw_tension_episodes": 58,
    "mean_mouth_curvature": 0.003940346370140709,
    "smile_frequency": 0.22666666666666666,
    "frown_frequency": 0.0,
    "expression_stability": 0.9985001074964319,
    "mean_eyebrow_height": 0.5309544679721196,
    "eyebrow_height_std": 0.0012642392132111305,
    "eyebrow_tension_episodes": 0,
    "facial_movement_intensity": 0.11250712676179135,
    "facial_stability_score": 0.9970270643982587
  },
  "eye_analysis": {
    "mean_eye_openness": 0.31642812364156175,
    "eye_openness_std": 0.008233400234406565,
    "low_openness_episodes": 0,
    "blink_frequency": 95.8836896725503,
    "mean_asymmetry": 0.020596000844680606,
    "high_asymmetry_episodes": 6,
    "eye_fatigue_trend": -0.00013218372383975524,
    "eye_stability": 0.9867133320827738,
    "sustained_attention_score": 0.7625329075208249,
    "perclos": 0.0,
    "blink_rate_horizon_seconds": 9.237636089324951
  },
  "posture_analysis": {
    "mean_shoulder_height": 0.9600555835167567,
    "shoulder_height_std": 0.0016330495340539824,
    "shoulder_tension_trend": -2.6249483461518848e-05,
    "mean_shoulder_asymmetry": 0.029691853920618693,
    "high_asymmetry_episodes": 63,
    "mean_head_distance": 0.30027852952480316,
    "head_forward_episodes": 0,
    "posture_stability": 0.9983696129687277,
    "movement_intensity": 0.017803039155151433
  },
  "behavioral_patterns": {
    "breathing_jaw_correlation": 0.4899904830124282,
    "breathing_eye_correlation": -0.31593699748606213,
    "jaw_eye_correlation": -0.669907969403982,
    "physiological_coherence": 0.4919451499674908,
    "stress_response_coordination": 0.20666666666666667,
    "behavioral_volatility": 2.6404955733237587
  }
}