{
  "window_id": 13,
  "timestamp_start": 1755849462.4896572,
  "timestamp_end": 1755849466.941349,
  "duration_seconds": 4.4516918659210205,
  "frame_count": 150,
  "valid_frames": 150,
  "estimated_fps": 33.69505449114595,
  "breathing_analysis": {
    "mean_bpm": 45.96199417114258,
    "median_bpm": 47.29999923706055,
    "mode_bpm": 47.08,
    "bpm_std": 6.134239673614502,
    "bpm_range": 28.200000762939453,
    "bpm_iqr": 0.0,
    "mean_confidence": 0.524940013885498,
    "confidence_stability": 0.8403137922286987,
    "mean_variability": 1.2648102045059204,
    "bpm_trend": -0.03682777012311634,
    "bpm_acceleration": 0.0,
    "max_bpm": 49.900001525878906,
    "min_bpm": 21.700000762939453,
    "bpm_spikes": 0,
    "time_slow_breathing": 0.0,
    "time_normal_breathing": 0.0,
    "time_fast_breathing": 1.0
  },
  "facial_analysis": {
    "mean_jaw_width": 0.08245837767918905,
    "jaw_width_std": 0.0007659848511091879,
    "jaw_tension_episodes": 29,
    "mean_mouth_curvature": 0.0025246175328890487,
    "smile_frequency": 0.24666666666666667,
    "frown_frequency": 0.0,
    "expression_stability": 0.9997553431359765,
    "mean_eyebrow_height": 0.5350386786659559,
    "eyebrow_height_std": 0.00039168099927873944,
    "eyebrow_tension_episodes": 0,
    "facial_movement_intensity": 0.06285651245376596,
    "facial_stability_score": 0.9995328255885253
  },
  "eye_analysis": {
    "mean_eye_openness": 0.3335137172416136,
    "eye_openness_std": 0.059734890217604815,
    "low_openness_episodes": 7,
    "blink_frequency": 15.918923381643756,
    "mean_asymmetry": 0.01714099577412928,
    "high_asymmetry_episodes": 2,
    "eye_fatigue_trend": -0.0002702913190346324,
    "eye_stability": 0.9881711402133809,
    "sustained_attention_score": 0.7522126104166266,
    "perclos": 0.04666666666666667,
    "blink_rate_horizon_seconds": 9.24161410331726
  },
  "posture_analysis": {
    "mean_shoulder_height": 0.9585340066750845,
    "shoulder_height_std": 0.000674041348148819,
    "shoulder_tension_trend": -9.720467149910313e-07,
    "mean_shoulder_asymmetry": 0.0312904159228007,
    "high_asymmetry_episodes": 133,
    "mean_head_distance": 0.3063163669904073,
    "head_forward_episodes": 0,
    "posture_stability": 0.9993264126775582,
    "movement_intensity": 0.011432230041691128
  },
  "behavioral_patterns": {
    "breathing_jaw_correlation": 0.3264061288751173,
    "breathing_eye_correlation": -0.1508960526926022,
    "jaw_eye_correlation": 0.1663613938270187,
    "physiological_coherence": 0.21455452513157938,
    "stress_response_coordination": 0.02666666666666667,
    "behavioral_volatility": 0.7367671904095664
  }
}