{
  "window_id": 11,
  "timestamp_start": 1755842991.251947,
  "timestamp_end": 1755842995.7402081,
  "duration_seconds": 4.4882612228393555,
  "frame_count": 150,
  "valid_frames": 150,
  "estimated_fps": 33.42051466093306,
  "breathing_analysis": {
    "mean_bpm": 29.893997192382812,
    "median_bpm": 17.549999237060547,
    "mode_bpm": 12.2,
    "bpm_std": 17.516897201538086,
    "bpm_range": 37.79999923706055,
    "bpm_iqr": 35.89999961853027,
    "mean_confidence": 0.1471799910068512,
    "confidence_stability": 0.9079185053706169,
    "mean_variability": 12.293931007385254,
    "bpm_trend": 0.2192956131383617,
    "bpm_acceleration": -0.00405405405405416,
    "max_bpm": 50.0,
    "min_bpm": 12.199999809265137,
    "bpm_spikes": 0,
    "time_slow_breathing": 0.0,
    "time_normal_breathing": 0.56,
    "time_fast_breathing": 0.44
  },
  "facial_analysis": {
    "mean_jaw_width": 0.09346866687138876,
    "jaw_width_std": 6.827922661857543e-05,
    "jaw_tension_episodes": 24,
    "mean_mouth_curvature": 0.010459708193937938,
    "smile_frequency": 0.32,
    "frown_frequency": 0.0,
    "expression_stability": 0.9999672197270559,
    "mean_eyebrow_height": 0.5988397909800212,
    "eyebrow_height_std": 8.390181637771808e-05,
    "eyebrow_tension_episodes": 0,
    "facial_movement_intensity": 0.048163350941467085,
    "facial_stability_score": 0.9999383504864098
  },
  "eye_analysis": {
    "mean_eye_openness": 0.31565759017157763,
    "eye_openness_std": 0.0007249339506872408,
    "low_openness_episodes": 0,
    "blink_frequency": 50.765338725467934,
    "mean_asymmetry": 0.04285866818162087,
    "high_asymmetry_episodes": 0,
    "eye_fatigue_trend": -1.8064829233077442e-06,
    "eye_stability": 0.9992748704871219,
    "sustained_attention_score": 0.7573579960130897,
    "perclos": 0.0,
    "blink_rate_horizon_seconds": 9.18668794631958
  },
  "posture_analysis": {
    "mean_shoulder_height": 0.8675499228636424,
    "shoulder_height_std": 0.0005776158427708393,
    "shoulder_tension_trend": 1.120429096436692e-05,
    "mean_shoulder_asymmetry": 0.06784912745157877,
    "high_asymmetry_episodes": 150,
    "mean_head_distance": 0.14932726899782817,
    "head_forward_episodes": 0,
    "posture_stability": 0.9994227176046865,
    "movement_intensity": 0.005137258827126984
  },
  "behavioral_patterns": {
    "breathing_jaw_correlation": 0.0031630639835327837,
    "breathing_eye_correlation": -0.010907387299674526,
    "jaw_eye_correlation": 0.5181915481176967,
    "physiological_coherence": 0.177420666466968,
    "stress_response_coordination": 0.0,
    "behavioral_volatility": 3.5452320111276356
  }
}