{
  "window_id": 16,
  "timestamp_start": 1755849477.45168,
  "timestamp_end": 1755849482.0886059,
  "duration_seconds": 4.636925935745239,
  "frame_count": 150,
  "valid_frames": 150,
  "estimated_fps": 32.34901787921101,
  "breathing_analysis": {
    "mean_bpm": 45.599998474121094,
    "median_bpm": 45.5,
    "mode_bpm": 43.160000000000004,
    "bpm_std": 5.158177852630615,
    "bpm_range": 34.20000076293945,
    "bpm_iqr": 2.200000762939453,
    "mean_confidence": 0.298373281955719,
    "confidence_stability": 0.9727098196744919,
    "mean_variability": 4.565027236938477,
    "bpm_trend": -0.022147117649673243,
    "bpm_acceleration": 0.030405405405405393,
    "max_bpm": 50.0,
    "min_bpm": 15.800000190734863,
    "bpm_spikes": 0,
    "time_slow_breathing": 0.0,
    "time_normal_breathing": 0.02666666666666667,
    "time_fast_breathing": 0.9733333333333334
  },
  "facial_analysis": {
    "mean_jaw_width": 0.08674997806549073,
    "jaw_width_std": 0.0024476494718969144,
    "jaw_tension_episodes": 17,
    "mean_mouth_curvature": 0.006727294872204464,
    "smile_frequency": 0.19333333333333333,
    "frown_frequency": 0.0,
    "expression_stability": 0.9977325318531916,
    "mean_eyebrow_height": 0.5400669173399607,
    "eyebrow_height_std": 0.001979601847229776,
    "eyebrow_tension_episodes": 0,
    "facial_movement_intensity": 0.1588254359829905,
    "facial_stability_score": 0.9977734325850806
  },
  "eye_analysis": {
    "mean_eye_openness": 0.3547351108286321,
    "eye_openness_std": 0.018594683389491544,
    "low_openness_episodes": 0,
    "blink_frequency": 0.0,
    "mean_asymmetry": 0.03147978223009486,
    "high_asymmetry_episodes": 15,
    "eye_fatigue_trend": 0.0003693035656231934,
    "eye_stability": 0.9858618836511117,
    "sustained_attention_score": 0.768220215069682,
    "perclos": 0.0,
    "blink_rate_horizon_seconds": 9.516933917999268
  },
  "posture_analysis": {
    "mean_shoulder_height": 0.9617507163683573,
    "shoulder_height_std": 0.0015904851553721446,
    "shoulder_tension_trend": -1.1172058730765494e-05,
    "mean_shoulder_asymmetry": 0.02609658718109131,
    "high_asymmetry_episodes": 9,
    "mean_head_distance": 0.2921365471680959,
    "head_forward_episodes": 0,
    "posture_stability": 0.9984120404706867,
    "movement_intensity": 0.021007071161764503
  },
  "behavioral_patterns": {
    "breathing_jaw_correlation": -0.09724906156845443,
    "breathing_eye_correlation": -0.12826241851238657,
    "jaw_eye_correlation": -0.19028624778344772,
    "physiological_coherence": 0.13859924262142956,
    "stress_response_coordination": 0.02666666666666667,
    "behavioral_volatility": 1.2212817143839265
  }
}