{
  "window_id": 17,
  "timestamp_start": 1755849482.673162,
  "timestamp_end": 1755849487.096392,
  "duration_seconds": 4.423229932785034,
  "frame_count": 150,
  "valid_frames": 150,
  "estimated_fps": 33.911870348000264,
  "breathing_analysis": {
    "mean_bpm": 42.05400466918945,
    "median_bpm": 41.70000076293945,
    "mode_bpm": 41.28,
    "bpm_std": 2.8031561374664307,
    "bpm_range": 10.700000762939453,
    "bpm_iqr": 1.2000007629394531,
    "mean_confidence": 0.49171996116638184,
    "confidence_stability": 0.8621403574943542,
    "mean_variability": 1.203324556350708,
    "bpm_trend": -0.019877327881239217,
    "bpm_acceleration": 0.0,
    "max_bpm": 47.70000076293945,
    "min_bpm": 37.0,
    "bpm_spikes": 18,
    "time_slow_breathing": 0.0,
    "time_normal_breathing": 0.0,
    "time_fast_breathing": 1.0
  },
  "facial_analysis": {
    "mean_jaw_width": 0.08045145948727926,
    "jaw_width_std": 0.0024023034328314284,
    "jaw_tension_episodes": 24,
    "mean_mouth_curvature": 0.0022514643867810563,
    "smile_frequency": 0.28,
    "frown_frequency": 0.03333333333333333,
    "expression_stability": 0.9986499418626898,
    "mean_eyebrow_height": 0.5321905709604422,
    "eyebrow_height_std": 0.007056260624963422,
    "eyebrow_tension_episodes": 0,
    "facial_movement_intensity": 0.11306481673712662,
    "facial_stability_score": 0.9966879864683826
  },
  "eye_analysis": {
    "mean_eye_openness": 0.3336328705626666,
    "eye_openness_std": 0.06764858197968152,
    "low_openness_episodes": 8,
    "blink_frequency": 6.401915612261298,
    "mean_asymmetry": 0.022266394478310872,
    "high_asymmetry_episodes": 3,
    "eye_fatigue_trend": 0.0008434326617317904,
    "eye_stability": 0.9866606275689095,
    "sustained_attention_score": 0.747905964701558,
    "perclos": 0.04,
    "blink_rate_horizon_seconds": 9.372194766998291
  },
  "posture_analysis": {
    "mean_shoulder_height": 0.9627258616685868,
    "shoulder_height_std": 0.0008685407633553005,
    "shoulder_tension_trend": 8.986673438179538e-06,
    "mean_shoulder_asymmetry": 0.022806051969528198,
    "high_asymmetry_episodes": 3,
    "mean_head_distance": 0.3035865006844203,
    "head_forward_episodes": 0,
    "posture_stability": 0.9991322129450758,
    "movement_intensity": 0.023490666032755618
  },
  "behavioral_patterns": {
    "breathing_jaw_correlation": -0.11347872108241489,
    "breathing_eye_correlation": -0.044296835912304815,
    "jaw_eye_correlation": -0.4512981234200684,
    "physiological_coherence": 0.20302456013826273,
    "stress_response_coordination": 0.30666666666666664,
    "behavioral_volatility": 0.2678137991275589
  }
}