{
  "window_id": 16,
  "timestamp_start": 1755843016.2566028,
  "timestamp_end": 1755843020.945152,
  "duration_seconds": 4.688549280166626,
  "frame_count": 150,
  "valid_frames": 150,
  "estimated_fps": 31.992838517134913,
  "breathing_analysis": {
    "mean_bpm": 35.70466613769531,
    "median_bpm": 50.0,
    "mode_bpm": 46.22,
    "bpm_std": 17.813505172729492,
    "bpm_range": 37.79999923706055,
    "bpm_iqr": 36.87499976158142,
    "mean_confidence": 0.12292665988206863,
    "confidence_stability": 0.8888131752610207,
    "mean_variability": 9.723526954650879,
    "bpm_trend": -0.09096173163251678,
    "bpm_acceleration": 0.0006756756756757572,
    "max_bpm": 50.0,
    "min_bpm": 12.199999809265137,
    "bpm_spikes": 0,
    "time_slow_breathing": 0.0,
    "time_normal_breathing": 0.38666666666666666,
    "time_fast_breathing": 0.6133333333333333
  },
  "facial_analysis": {
    "mean_jaw_width": 0.0934991188844045,
    "jaw_width_std": 8.416893232595111e-05,
    "jaw_tension_episodes": 27,
    "mean_mouth_curvature": 0.01047757961352667,
    "smile_frequency": 0.32,
    "frown_frequency": 0.0,
    "expression_stability": 0.9999711969093923,
    "mean_eyebrow_height": 0.5988437504569689,
    "eyebrow_height_std": 7.219541144043033e-05,
    "eyebrow_tension_episodes": 0,
    "facial_movement_intensity": 0.048692331566256276,
    "facial_stability_score": 0.9999382818969448
  },
  "eye_analysis": {
    "mean_eye_openness": 0.31593242889145223,
    "eye_openness_std": 0.0005585212204199979,
    "low_openness_episodes": 0,
    "blink_frequency": 61.92162293639015,
    "mean_asymmetry": 0.04278617356461475,
    "high_asymmetry_episodes": 0,
    "eye_fatigue_trend": 1.681905197047016e-06,
    "eye_stability": 0.9992895237631582,
    "sustained_attention_score": 0.7575292447021392,
    "perclos": 0.0,
    "blink_rate_horizon_seconds": 9.797100067138672
  },
  "posture_analysis": {
    "mean_shoulder_height": 0.8631891928116481,
    "shoulder_height_std": 0.0004965143548523647,
    "shoulder_tension_trend": 8.311041344900658e-06,
    "mean_shoulder_asymmetry": 0.06022280255953471,
    "high_asymmetry_episodes": 150,
    "mean_head_distance": 0.15406511048475902,
    "head_forward_episodes": 0,
    "posture_stability": 0.9995037320493091,
    "movement_intensity": 0.002653341942294569
  },
  "behavioral_patterns": {
    "breathing_jaw_correlation": 0.04255640349238438,
    "breathing_eye_correlation": -0.03224526984412193,
    "jaw_eye_correlation": 0.5883821785221676,
    "physiological_coherence": 0.2210612839528913,
    "stress_response_coordination": 0.0,
    "behavioral_volatility": 2.265901435480681
  }
}