{
  "window_id": 17,
  "timestamp_start": 1755843021.354493,
  "timestamp_end": 1755843025.960373,
  "duration_seconds": 4.60588002204895,
  "frame_count": 150,
  "valid_frames": 150,
  "estimated_fps": 32.56706628959729,
  "breathing_analysis": {
    "mean_bpm": 29.55066680908203,
    "median_bpm": 14.300000190734863,
    "mode_bpm": 12.6,
    "bpm_std": 18.130754470825195,
    "bpm_range": 37.400001525878906,
    "bpm_iqr": 36.69999980926514,
    "mean_confidence": 0.1487799882888794,
    "confidence_stability": 0.952517531812191,
    "mean_variability": 11.015229225158691,
    "bpm_trend": 0.03953597937686126,
    "bpm_acceleration": 1.4402893292434464e-16,
    "max_bpm": 50.0,
    "min_bpm": 12.600000381469727,
    "bpm_spikes": 0,
    "time_slow_breathing": 0.0,
    "time_normal_breathing": 0.56,
    "time_fast_breathing": 0.44
  },
  "facial_analysis": {
    "mean_jaw_width": 0.0934668505191803,
    "jaw_width_std": 7.899590570053738e-05,
    "jaw_tension_episodes": 18,
    "mean_mouth_curvature": 0.010461560527483621,
    "smile_frequency": 0.30666666666666664,
    "frown_frequency": 0.0,
    "expression_stability": 0.9999652039467456,
    "mean_eyebrow_height": 0.5988410774668058,
    "eyebrow_height_std": 8.268534276575649e-05,
    "eyebrow_tension_episodes": 0,
    "facial_movement_intensity": 0.04819994030198641,
    "facial_stability_score": 0.9999345123283877
  },
  "eye_analysis": {
    "mean_eye_openness": 0.31576267231688754,
    "eye_openness_std": 0.000720898450327695,
    "low_openness_episodes": 0,
    "blink_frequency": 13.712448964040966,
    "mean_asymmetry": 0.04284989288504212,
    "high_asymmetry_episodes": 0,
    "eye_fatigue_trend": -1.2073045338148754e-07,
    "eye_stability": 0.9992024041518134,
    "sustained_attention_score": 0.7573972936605059,
    "perclos": 0.0,
    "blink_rate_horizon_seconds": 9.56919813156128
  },
  "posture_analysis": {
    "mean_shoulder_height": 0.8638224526246389,
    "shoulder_height_std": 0.0002517047393299081,
    "shoulder_tension_trend": 5.4473878860545515e-06,
    "mean_shoulder_asymmetry": 0.05951599915822347,
    "high_asymmetry_episodes": 150,
    "mean_head_distance": 0.15683162172635395,
    "head_forward_episodes": 0,
    "posture_stability": 0.999748358600003,
    "movement_intensity": 0.0015091726854672062
  },
  "behavioral_patterns": {
    "breathing_jaw_correlation": -0.18887883476100703,
    "breathing_eye_correlation": -0.15779355424800567,
    "jaw_eye_correlation": 0.4882932100944712,
    "physiological_coherence": 0.27832186636782796,
    "stress_response_coordination": 0.0,
    "behavioral_volatility": 2.674697599508384
  }
}