{
  "window_id": 2,
  "timestamp_start": 1755842946.300531,
  "timestamp_end": 1755842950.678505,
  "duration_seconds": 4.377974033355713,
  "frame_count": 150,
  "valid_frames": 150,
  "estimated_fps": 34.26242340798562,
  "breathing_analysis": {
    "mean_bpm": 44.453338623046875,
    "median_bpm": 44.20000076293945,
    "mode_bpm": 42.739999999999995,
    "bpm_std": 5.774190902709961,
    "bpm_range": 36.29999923706055,
    "bpm_iqr": 3.0999984741210938,
    "mean_confidence": 0.32300662994384766,
    "confidence_stability": 0.8871584981679916,
    "mean_variability": 2.6084959506988525,
    "bpm_trend": 0.019630383572603247,
    "bpm_acceleration": 0.0,
    "max_bpm": 50.0,
    "min_bpm": 13.699999809265137,
    "bpm_spikes": 0,
    "time_slow_breathing": 0.0,
    "time_normal_breathing": 0.03333333333333333,
    "time_fast_breathing": 0.9666666666666667
  },
  "facial_analysis": {
    "mean_jaw_width": 0.09348095297813415,
    "jaw_width_std": 7.681602826175247e-05,
    "jaw_tension_episodes": 24,
    "mean_mouth_curvature": 0.01046761926015218,
    "smile_frequency": 0.26666666666666666,
    "frown_frequency": 0.0,
    "expression_stability": 0.9999679385387203,
    "mean_eyebrow_height": 0.5988400550087293,
    "eyebrow_height_std": 7.435290333064605e-05,
    "eyebrow_tension_episodes": 0,
    "facial_movement_intensity": 0.04799135532913982,
    "facial_stability_score": 0.999938927354408
  },
  "eye_analysis": {
    "mean_eye_openness": 0.31583101846684475,
    "eye_openness_std": 0.0007001958149377497,
    "low_openness_episodes": 0,
    "blink_frequency": 6.610246889431041,
    "mean_asymmetry": 0.04289980254134068,
    "high_asymmetry_episodes": 0,
    "eye_fatigue_trend": 3.980958105123389e-06,
    "eye_stability": 0.9992406265998353,
    "sustained_attention_score": 0.7574103400368554,
    "perclos": 0.0,
    "blink_rate_horizon_seconds": 9.07681679725647
  },
  "posture_analysis": {
    "mean_shoulder_height": 0.8541951928536097,
    "shoulder_height_std": 0.0019499861977771047,
    "shoulder_tension_trend": -2.0861654441838445e-05,
    "mean_shoulder_asymmetry": 0.055853617588678996,
    "high_asymmetry_episodes": 150,
    "mean_head_distance": 0.13199759821097057,
    "head_forward_episodes": 0,
    "posture_stability": 0.9980538088481072,
    "movement_intensity": 0.04669123111964827
  },
  "behavioral_patterns": {
    "breathing_jaw_correlation": -0.0053164787699509775,
    "breathing_eye_correlation": 0.06255467734554189,
    "jaw_eye_correlation": 0.5295261088374905,
    "physiological_coherence": 0.19913242165099446,
    "stress_response_coordination": 0.0,
    "behavioral_volatility": 1.3391006733614077
  }
}