{
  "window_id": 8,
  "timestamp_start": 1755849437.435807,
  "timestamp_end": 1755849441.879505,
  "duration_seconds": 4.443697929382324,
  "frame_count": 150,
  "valid_frames": 150,
  "estimated_fps": 33.75566980108616,
  "breathing_analysis": {
    "mean_bpm": 45.07600021362305,
    "median_bpm": 48.5,
    "mode_bpm": 46.03,
    "bpm_std": 9.364234924316406,
    "bpm_range": 31.700000762939453,
    "bpm_iqr": 0.0,
    "mean_confidence": 0.38709330558776855,
    "confidence_stability": 0.8478257656097412,
    "mean_variability": 2.8162662982940674,
    "bpm_trend": -0.10881159162629449,
    "bpm_acceleration": 0.002027027027027032,
    "max_bpm": 49.20000076293945,
    "min_bpm": 17.5,
    "bpm_spikes": 0,
    "time_slow_breathing": 0.0,
    "time_normal_breathing": 0.10666666666666667,
    "time_fast_breathing": 0.8933333333333333
  },
  "facial_analysis": {
    "mean_jaw_width": 0.08233028054237365,
    "jaw_width_std": 0.004735952531835221,
    "jaw_tension_episodes": 4,
    "mean_mouth_curvature": 0.0025866897006829553,
    "smile_frequency": 0.32666666666666666,
    "frown_frequency": 0.0,
    "expression_stability": 0.9985093111418947,
    "mean_eyebrow_height": 0.5324862415591876,
    "eyebrow_height_std": 0.005164415803847367,
    "eyebrow_tension_episodes": 0,
    "facial_movement_intensity": 0.11428225360626104,
    "facial_stability_score": 0.9962200064440957
  },
  "eye_analysis": {
    "mean_eye_openness": 0.3144373337602748,
    "eye_openness_std": 0.049955225799378326,
    "low_openness_episodes": 5,
    "blink_frequency": 19.106982906275185,
    "mean_asymmetry": 0.01308400066849927,
    "high_asymmetry_episodes": 0,
    "eye_fatigue_trend": 0.000205876209178709,
    "eye_stability": 0.9889126758857029,
    "sustained_attention_score": 0.7504660357641324,
    "perclos": 0.05,
    "blink_rate_horizon_seconds": 9.319492816925049
  },
  "posture_analysis": {
    "mean_shoulder_height": 0.9595727050304412,
    "shoulder_height_std": 0.0021025809443239317,
    "shoulder_tension_trend": 1.05134518582421e-05,
    "mean_shoulder_asymmetry": 0.02767421325047811,
    "high_asymmetry_episodes": 45,
    "mean_head_distance": 0.30669057329495747,
    "head_forward_episodes": 0,
    "posture_stability": 0.9979018306266184,
    "movement_intensity": 0.02166176814264783
  },
  "behavioral_patterns": {
    "breathing_jaw_correlation": 0.2709994601842415,
    "breathing_eye_correlation": -0.21663267180804274,
    "jaw_eye_correlation": -0.1696154654713239,
    "physiological_coherence": 0.21908253248786935,
    "stress_response_coordination": 0.44666666666666666,
    "behavioral_volatility": 1.613323631822425
  }
}