{
  "window_id": 1,
  "timestamp_start": 1755849402.299493,
  "timestamp_end": 1755849406.758851,
  "duration_seconds": 4.459357976913452,
  "frame_count": 150,
  "valid_frames": 150,
  "estimated_fps": 33.63712910615501,
  "breathing_analysis": {
    "mean_bpm": 35.4466667175293,
    "median_bpm": 50.0,
    "mode_bpm": 46.269999999999996,
    "bpm_std": 17.034927368164062,
    "bpm_range": 37.29999923706055,
    "bpm_iqr": 35.69999980926514,
    "mean_confidence": 0.16498000919818878,
    "confidence_stability": 0.9128576293587685,
    "mean_variability": 13.38486099243164,
    "bpm_trend": 0.10520147562113887,
    "bpm_acceleration": 4.800964430811488e-17,
    "max_bpm": 50.0,
    "min_bpm": 12.699999809265137,
    "bpm_spikes": 0,
    "time_slow_breathing": 0.0,
    "time_normal_breathing": 0.37333333333333335,
    "time_fast_breathing": 0.6266666666666667
  },
  "facial_analysis": {
    "mean_jaw_width": 0.07750260214010875,
    "jaw_width_std": 0.0011676507753550403,
    "jaw_tension_episodes": 22,
    "mean_mouth_curvature": -0.0003148672779401148,
    "smile_frequency": 0.0,
    "frown_frequency": 0.0,
    "expression_stability": 0.9994229493078518,
    "mean_eyebrow_height": 0.5096263581017653,
    "eyebrow_height_std": 0.005438632058488459,
    "eyebrow_tension_episodes": 0,
    "facial_movement_intensity": 0.1396205937040039,
    "facial_stability_score": 0.9976915303696852
  },
  "eye_analysis": {
    "mean_eye_openness": 0.35944521829689374,
    "eye_openness_std": 0.06605416839799086,
    "low_openness_episodes": 9,
    "blink_frequency": 19.786546533032357,
    "mean_asymmetry": 0.023238207008983578,
    "high_asymmetry_episodes": 19,
    "eye_fatigue_trend": -0.00030248014461557303,
    "eye_stability": 0.9823756016010409,
    "sustained_attention_score": 0.7567176142966398,
    "perclos": 0.13,
    "blink_rate_horizon_seconds": 9.134098052978516
  },
  "posture_analysis": {
    "mean_shoulder_height": 0.9561374167601268,
    "shoulder_height_std": 0.001965134445959754,
    "shoulder_tension_trend": -6.148949946989549e-06,
    "mean_shoulder_asymmetry": 0.028331464926401775,
    "high_asymmetry_episodes": 42,
    "mean_head_distance": 0.32177841941515606,
    "head_forward_episodes": 0,
    "posture_stability": 0.9980387197334503,
    "movement_intensity": 0.027033545557272942
  },
  "behavioral_patterns": {
    "breathing_jaw_correlation": -0.0008542744501104284,
    "breathing_eye_correlation": -0.3294683117637017,
    "jaw_eye_correlation": 0.13510113533235238,
    "physiological_coherence": 0.15514124051538816,
    "stress_response_coordination": 0.6266666666666667,
    "behavioral_volatility": 3.142279174514585
  }
}