{
  "window_id": 6,
  "timestamp_start": 1755842966.2573261,
  "timestamp_end": 1755842970.7057579,
  "duration_seconds": 4.448431730270386,
  "frame_count": 150,
  "valid_frames": 150,
  "estimated_fps": 33.71974868790055,
  "breathing_analysis": {
    "mean_bpm": 25.018001556396484,
    "median_bpm": 22.200000762939453,
    "mode_bpm": 15.979999999999999,
    "bpm_std": 11.972240447998047,
    "bpm_range": 37.79999923706055,
    "bpm_iqr": 6.349999904632568,
    "mean_confidence": 0.14842000603675842,
    "confidence_stability": 0.914019986987114,
    "mean_variability": 10.016488075256348,
    "bpm_trend": -0.016139561758300287,
    "bpm_acceleration": -9.601928861622976e-17,
    "max_bpm": 50.0,
    "min_bpm": 12.199999809265137,
    "bpm_spikes": 24,
    "time_slow_breathing": 0.0,
    "time_normal_breathing": 0.41333333333333333,
    "time_fast_breathing": 0.5866666666666667
  },
  "facial_analysis": {
    "mean_jaw_width": 0.09346429149309794,
    "jaw_width_std": 7.55795315869159e-05,
    "jaw_tension_episodes": 29,
    "mean_mouth_curvature": 0.010455976684888206,
    "smile_frequency": 0.3333333333333333,
    "frown_frequency": 0.0,
    "expression_stability": 0.9999674832565876,
    "mean_eyebrow_height": 0.5988386570016544,
    "eyebrow_height_std": 8.462059125519214e-05,
    "eyebrow_tension_episodes": 0,
    "facial_movement_intensity": 0.050203520441206635,
    "facial_stability_score": 0.9999357656876408
  },
  "eye_analysis": {
    "mean_eye_openness": 0.31569345617392536,
    "eye_openness_std": 0.0007090418751887128,
    "low_openness_episodes": 0,
    "blink_frequency": 0.0,
    "mean_asymmetry": 0.0428170333415248,
    "high_asymmetry_episodes": 0,
    "eye_fatigue_trend": 9.44709593221669e-08,
    "eye_stability": 0.9993121103442828,
    "sustained_attention_score": 0.7573891269857373,
    "perclos": 0.0,
    "blink_rate_horizon_seconds": 9.098615884780884
  },
  "posture_analysis": {
    "mean_shoulder_height": 0.8546697529157002,
    "shoulder_height_std": 0.0020159868024428895,
    "shoulder_tension_trend": 3.2586679124184246e-05,
    "mean_shoulder_asymmetry": 0.05433103958765666,
    "high_asymmetry_episodes": 150,
    "mean_head_distance": 0.13291012247403464,
    "head_forward_episodes": 0,
    "posture_stability": 0.99798806922345,
    "movement_intensity": 0.03609702444504951
  },
  "behavioral_patterns": {
    "breathing_jaw_correlation": -0.04552214051220839,
    "breathing_eye_correlation": -0.005837332364472887,
    "jaw_eye_correlation": 0.5926596832064457,
    "physiological_coherence": 0.214673052027709,
    "stress_response_coordination": 0.0,
    "behavioral_volatility": 2.191330161434738
  }
}