{
  "window_id": 14,
  "timestamp_start": 1755849467.4574451,
  "timestamp_end": 1755849471.965078,
  "duration_seconds": 4.5076329708099365,
  "frame_count": 150,
  "valid_frames": 150,
  "estimated_fps": 33.27688855134269,
  "breathing_analysis": {
    "mean_bpm": 42.55666732788086,
    "median_bpm": 45.900001525878906,
    "mode_bpm": 42.44,
    "bpm_std": 9.174322128295898,
    "bpm_range": 37.79999923706055,
    "bpm_iqr": 4.400001525878906,
    "mean_confidence": 0.4188666343688965,
    "confidence_stability": 0.8358620405197144,
    "mean_variability": 7.827993392944336,
    "bpm_trend": 0.03467869683097024,
    "bpm_acceleration": -0.2554054054054054,
    "max_bpm": 50.0,
    "min_bpm": 12.199999809265137,
    "bpm_spikes": 0,
    "time_slow_breathing": 0.0,
    "time_normal_breathing": 0.006666666666666667,
    "time_fast_breathing": 0.9933333333333333
  },
  "facial_analysis": {
    "mean_jaw_width": 0.08057578623294831,
    "jaw_width_std": 0.0013901448438301944,
    "jaw_tension_episodes": 4,
    "mean_mouth_curvature": 0.0017771770755449934,
    "smile_frequency": 0.28,
    "frown_frequency": 0.0,
    "expression_stability": 0.9997034031808797,
    "mean_eyebrow_height": 0.5293269495169322,
    "eyebrow_height_std": 0.0017712551060710157,
    "eyebrow_tension_episodes": 0,
    "facial_movement_intensity": 0.08170972827373789,
    "facial_stability_score": 0.9988490509306547
  },
  "eye_analysis": {
    "mean_eye_openness": 0.40249732322906806,
    "eye_openness_std": 0.014362692281826241,
    "low_openness_episodes": 0,
    "blink_frequency": 6.457751827523703,
    "mean_asymmetry": 0.027055270242636348,
    "high_asymmetry_episodes": 3,
    "eye_fatigue_trend": 4.939284978699851e-05,
    "eye_stability": 0.9901959407025847,
    "sustained_attention_score": 0.7870264535682018,
    "perclos": 0.05,
    "blink_rate_horizon_seconds": 9.29115915298462
  },
  "posture_analysis": {
    "mean_shoulder_height": 0.9568798563877742,
    "shoulder_height_std": 0.0009665763222582188,
    "shoulder_tension_trend": -1.5468096022041357e-05,
    "mean_shoulder_asymmetry": 0.030434512694676716,
    "high_asymmetry_episodes": 65,
    "mean_head_distance": 0.3157111078500748,
    "head_forward_episodes": 0,
    "posture_stability": 0.9990343570453576,
    "movement_intensity": 0.015624204208037383
  },
  "behavioral_patterns": {
    "breathing_jaw_correlation": 0.006298948904057946,
    "breathing_eye_correlation": -0.3889489716033947,
    "jaw_eye_correlation": -0.34893789441913287,
    "physiological_coherence": 0.24806193830886183,
    "stress_response_coordination": 0.41333333333333333,
    "behavioral_volatility": 2.199488265502325
  }
}