{
  "window_id": 25,
  "timestamp_start": 1755849522.741929,
  "timestamp_end": 1755849527.249504,
  "duration_seconds": 4.507575035095215,
  "frame_count": 150,
  "valid_frames": 150,
  "estimated_fps": 33.27731625810451,
  "breathing_analysis": {
    "mean_bpm": 41.297325134277344,
    "median_bpm": 41.29999923706055,
    "mode_bpm": 38.87,
    "bpm_std": 5.143875598907471,
    "bpm_range": 37.099998474121094,
    "bpm_iqr": 9.0,
    "mean_confidence": 0.5735666751861572,
    "confidence_stability": 0.7404890954494476,
    "mean_variability": 4.595887660980225,
    "bpm_trend": 0.04718645273123246,
    "bpm_acceleration": 0.0,
    "max_bpm": 50.0,
    "min_bpm": 12.899999618530273,
    "bpm_spikes": 0,
    "time_slow_breathing": 0.0,
    "time_normal_breathing": 0.013333333333333334,
    "time_fast_breathing": 0.9866666666666667
  },
  "facial_analysis": {
    "mean_jaw_width": 0.07212399005889893,
    "jaw_width_std": 0.0008221009812582326,
    "jaw_tension_episodes": 28,
    "mean_mouth_curvature": -0.0010810145437717426,
    "smile_frequency": 0.0,
    "frown_frequency": 0.08666666666666667,
    "expression_stability": 0.9997090163747606,
    "mean_eyebrow_height": 0.5249848488370578,
    "eyebrow_height_std": 0.00661947471405222,
    "eyebrow_tension_episodes": 0,
    "facial_movement_intensity": 0.10477185912754021,
    "facial_stability_score": 0.9963013144519565
  },
  "eye_analysis": {
    "mean_eye_openness": 0.3432997928136994,
    "eye_openness_std": 0.053812351862743406,
    "low_openness_episodes": 3,
    "blink_frequency": 25.59793558315732,
    "mean_asymmetry": 0.017314859831619973,
    "high_asymmetry_episodes": 1,
    "eye_fatigue_trend": 0.0005545205144779431,
    "eye_stability": 0.9845565755147344,
    "sustained_attention_score": 0.757390860373112,
    "perclos": 0.03666666666666667,
    "blink_rate_horizon_seconds": 9.330629110336304
  },
  "posture_analysis": {
    "mean_shoulder_height": 0.9679480355978012,
    "shoulder_height_std": 0.004494437068719266,
    "shoulder_tension_trend": 3.288184495983309e-05,
    "mean_shoulder_asymmetry": 0.025714062452316284,
    "high_asymmetry_episodes": 5,
    "mean_head_distance": 0.31872154494126637,
    "head_forward_episodes": 0,
    "posture_stability": 0.9955256725145888,
    "movement_intensity": 0.034575221805974145
  },
  "behavioral_patterns": {
    "breathing_jaw_correlation": -0.054307049394200974,
    "breathing_eye_correlation": 0.18446318797903902,
    "jaw_eye_correlation": -0.6055447165013621,
    "physiological_coherence": 0.2814383179582007,
    "stress_response_coordination": 0.9866666666666667,
    "behavioral_volatility": 1.0034446012995746
  }
}