{
  "window_id": 7,
  "timestamp_start": 1755842971.277968,
  "timestamp_end": 1755842975.706172,
  "duration_seconds": 4.42820405960083,
  "frame_count": 150,
  "valid_frames": 150,
  "estimated_fps": 33.87377771690164,
  "breathing_analysis": {
    "mean_bpm": 43.65666580200195,
    "median_bpm": 43.29999923706055,
    "mode_bpm": 41.4,
    "bpm_std": 5.11240816116333,
    "bpm_range": 33.5,
    "bpm_iqr": 0.0,
    "mean_confidence": 0.5410199165344238,
    "confidence_stability": 0.8348195850849152,
    "mean_variability": 3.559924364089966,
    "bpm_trend": 0.017927730121338945,
    "bpm_acceleration": 0.0,
    "max_bpm": 48.099998474121094,
    "min_bpm": 14.600000381469727,
    "bpm_spikes": 0,
    "time_slow_breathing": 0.0,
    "time_normal_breathing": 0.02666666666666667,
    "time_fast_breathing": 0.9733333333333334
  },
  "facial_analysis": {
    "mean_jaw_width": 0.09346050540606181,
    "jaw_width_std": 8.187638856003861e-05,
    "jaw_tension_episodes": 25,
    "mean_mouth_curvature": 0.010457255552212398,
    "smile_frequency": 0.36666666666666664,
    "frown_frequency": 0.0,
    "expression_stability": 0.9999616232057456,
    "mean_eyebrow_height": 0.5988352235356967,
    "eyebrow_height_std": 8.081964204000074e-05,
    "eyebrow_tension_episodes": 0,
    "facial_movement_intensity": 0.05020552564067047,
    "facial_stability_score": 0.9999329806274494
  },
  "eye_analysis": {
    "mean_eye_openness": 0.31571898119967057,
    "eye_openness_std": 0.0007648923803747763,
    "low_openness_episodes": 0,
    "blink_frequency": 6.6166163786983745,
    "mean_asymmetry": 0.04291773921644983,
    "high_asymmetry_episodes": 0,
    "eye_fatigue_trend": 1.4648945264982633e-06,
    "eye_stability": 0.9991737428964786,
    "sustained_attention_score": 0.7573454498676152,
    "perclos": 0.0,
    "blink_rate_horizon_seconds": 9.068078994750977
  },
  "posture_analysis": {
    "mean_shoulder_height": 0.8560869828859965,
    "shoulder_height_std": 0.0015399964597224754,
    "shoulder_tension_trend": -3.1622407955507954e-05,
    "mean_shoulder_asymmetry": 0.046625449657440185,
    "high_asymmetry_episodes": 150,
    "mean_head_distance": 0.1393669088681539,
    "head_forward_episodes": 0,
    "posture_stability": 0.9984623714827504,
    "movement_intensity": 0.01820648763945552
  },
  "behavioral_patterns": {
    "breathing_jaw_correlation": 0.07217562095725806,
    "breathing_eye_correlation": -0.08737436874519786,
    "jaw_eye_correlation": 0.5532285967841727,
    "physiological_coherence": 0.23759286216220954,
    "stress_response_coordination": 0.0,
    "behavioral_volatility": 1.216723619267609
  }
}