{
  "window_id": 10,
  "timestamp_start": 1755849447.4779782,
  "timestamp_end": 1755849451.919567,
  "duration_seconds": 4.441588878631592,
  "frame_count": 150,
  "valid_frames": 150,
  "estimated_fps": 33.77169839415968,
  "breathing_analysis": {
    "mean_bpm": 41.473331451416016,
    "median_bpm": 39.599998474121094,
    "mode_bpm": 47.62,
    "bpm_std": 5.289155960083008,
    "bpm_range": 12.800003051757812,
    "bpm_iqr": 12.800003051757812,
    "mean_confidence": 0.5356132984161377,
    "confidence_stability": 0.8061215579509735,
    "mean_variability": 1.8999075889587402,
    "bpm_trend": 0.10453335703809069,
    "bpm_acceleration": 0.05472972972972974,
    "max_bpm": 48.900001525878906,
    "min_bpm": 36.099998474121094,
    "bpm_spikes": 0,
    "time_slow_breathing": 0.0,
    "time_normal_breathing": 0.0,
    "time_fast_breathing": 1.0
  },
  "facial_analysis": {
    "mean_jaw_width": 0.07512850761413574,
    "jaw_width_std": 0.006974896551988176,
    "jaw_tension_episodes": 21,
    "mean_mouth_curvature": 0.0008576298852761618,
    "smile_frequency": 0.3333333333333333,
    "frown_frequency": 0.26666666666666666,
    "expression_stability": 0.9977527434945364,
    "mean_eyebrow_height": 0.5232078753908476,
    "eyebrow_height_std": 0.006125400673496482,
    "eyebrow_tension_episodes": 0,
    "facial_movement_intensity": 0.14518010823232835,
    "facial_stability_score": 0.9952672641251069
  },
  "eye_analysis": {
    "mean_eye_openness": 0.3417509899838406,
    "eye_openness_std": 0.015722028479366268,
    "low_openness_episodes": 0,
    "blink_frequency": 13.50867935766387,
    "mean_asymmetry": 0.01383724839609565,
    "high_asymmetry_episodes": 3,
    "eye_fatigue_trend": -1.556318211008061e-06,
    "eye_stability": 0.9887664161902047,
    "sustained_attention_score": 0.7707305710361263,
    "perclos": 0.02,
    "blink_rate_horizon_seconds": 9.208968162536621
  },
  "posture_analysis": {
    "mean_shoulder_height": 0.9638683770100276,
    "shoulder_height_std": 0.0010344773275057593,
    "shoulder_tension_trend": 8.621178996256506e-06,
    "mean_shoulder_asymmetry": 0.0299811589717865,
    "high_asymmetry_episodes": 75,
    "mean_head_distance": 0.31172137955824536,
    "head_forward_episodes": 0,
    "posture_stability": 0.9989665917099404,
    "movement_intensity": 0.02013131330057144
  },
  "behavioral_patterns": {
    "breathing_jaw_correlation": 0.7938437158666789,
    "breathing_eye_correlation": 0.07720031319433418,
    "jaw_eye_correlation": -0.17748729461424537,
    "physiological_coherence": 0.3495104412250862,
    "stress_response_coordination": 0.6466666666666666,
    "behavioral_volatility": 0.39724130579545386
  }
}