{
  "window_id": 9,
  "timestamp_start": 1755842981.2667909,
  "timestamp_end": 1755842985.718473,
  "duration_seconds": 4.451682090759277,
  "frame_count": 150,
  "valid_frames": 150,
  "estimated_fps": 33.695128479944096,
  "breathing_analysis": {
    "mean_bpm": 42.290000915527344,
    "median_bpm": 43.20000076293945,
    "mode_bpm": 42.88,
    "bpm_std": 5.283820629119873,
    "bpm_range": 23.200000762939453,
    "bpm_iqr": 2.299999237060547,
    "mean_confidence": 0.6344466805458069,
    "confidence_stability": 0.8155279010534286,
    "mean_variability": 0.9831926226615906,
    "bpm_trend": -0.07185048224365502,
    "bpm_acceleration": 0.0,
    "max_bpm": 45.20000076293945,
    "min_bpm": 22.0,
    "bpm_spikes": 0,
    "time_slow_breathing": 0.0,
    "time_normal_breathing": 0.0,
    "time_fast_breathing": 1.0
  },
  "facial_analysis": {
    "mean_jaw_width": 0.09348514080047607,
    "jaw_width_std": 8.453033467821222e-05,
    "jaw_tension_episodes": 22,
    "mean_mouth_curvature": 0.010473277519146602,
    "smile_frequency": 0.31333333333333335,
    "frown_frequency": 0.0,
    "expression_stability": 0.9999633542230495,
    "mean_eyebrow_height": 0.5988425432443619,
    "eyebrow_height_std": 7.405529308025853e-05,
    "eyebrow_tension_episodes": 0,
    "facial_movement_intensity": 0.048177019967887105,
    "facial_stability_score": 0.9999349275222361
  },
  "eye_analysis": {
    "mean_eye_openness": 0.31582941048099317,
    "eye_openness_std": 0.0007452485133719745,
    "low_openness_episodes": 0,
    "blink_frequency": 6.559464742265527,
    "mean_asymmetry": 0.04287383736829099,
    "high_asymmetry_episodes": 0,
    "eye_fatigue_trend": 2.9167036416307896e-06,
    "eye_stability": 0.9990697807870186,
    "sustained_attention_score": 0.7574034415331101,
    "perclos": 0.0,
    "blink_rate_horizon_seconds": 9.147087812423706
  },
  "posture_analysis": {
    "mean_shoulder_height": 0.8629867804050445,
    "shoulder_height_std": 0.003526093999042657,
    "shoulder_tension_trend": 7.98218548788047e-05,
    "mean_shoulder_asymmetry": 0.0584547225634257,
    "high_asymmetry_episodes": 150,
    "mean_head_distance": 0.14641803860664368,
    "head_forward_episodes": 0,
    "posture_stability": 0.9964862956527705,
    "movement_intensity": 0.014671000774865264
  },
  "behavioral_patterns": {
    "breathing_jaw_correlation": -0.05080468920197291,
    "breathing_eye_correlation": -0.14759051172017368,
    "jaw_eye_correlation": 0.6054870712773116,
    "physiological_coherence": 0.2679607573998194,
    "stress_response_coordination": 0.0,
    "behavioral_volatility": 0.6831143172950513
  }
}