{
  "window_id": 1,
  "timestamp_start": 1755842941.2611358,
  "timestamp_end": 1755842945.625847,
  "duration_seconds": 4.364711284637451,
  "frame_count": 150,
  "valid_frames": 150,
  "estimated_fps": 34.366534283254325,
  "breathing_analysis": {
    "mean_bpm": 36.133331298828125,
    "median_bpm": 30.0,
    "mode_bpm": 27.22,
    "bpm_std": 8.479565620422363,
    "bpm_range": 30.30000114440918,
    "bpm_iqr": 15.400001525878906,
    "mean_confidence": 0.3708266317844391,
    "confidence_stability": 0.9037189111113548,
    "mean_variability": 4.192244529724121,
    "bpm_trend": 0.10988221698742154,
    "bpm_acceleration": 0.0006756756756756973,
    "max_bpm": 45.400001525878906,
    "min_bpm": 15.100000381469727,
    "bpm_spikes": 0,
    "time_slow_breathing": 0.0,
    "time_normal_breathing": 0.04,
    "time_fast_breathing": 0.96
  },
  "facial_analysis": {
    "mean_jaw_width": 0.09348202069600423,
    "jaw_width_std": 8.709454864549984e-05,
    "jaw_tension_episodes": 29,
    "mean_mouth_curvature": 0.010465969363848367,
    "smile_frequency": 0.2733333333333333,
    "frown_frequency": 0.0,
    "expression_stability": 0.9999703456655928,
    "mean_eyebrow_height": 0.5988417765498161,
    "eyebrow_height_std": 8.13502972306973e-05,
    "eyebrow_tension_episodes": 0,
    "facial_movement_intensity": 0.054880999544882875,
    "facial_stability_score": 0.9999339719670676
  },
  "eye_analysis": {
    "mean_eye_openness": 0.3157897364234055,
    "eye_openness_std": 0.0006467934907549022,
    "low_openness_episodes": 0,
    "blink_frequency": 38.905510509344516,
    "mean_asymmetry": 0.04281366081325906,
    "high_asymmetry_episodes": 0,
    "eye_fatigue_trend": -8.128992798780069e-07,
    "eye_stability": 0.9992678140473484,
    "sustained_attention_score": 0.7574430940397971,
    "perclos": 0.0,
    "blink_rate_horizon_seconds": 9.146408081054688
  },
  "posture_analysis": {
    "mean_shoulder_height": 0.855839723944664,
    "shoulder_height_std": 0.002402123141603453,
    "shoulder_tension_trend": 2.3674517770603533e-05,
    "mean_shoulder_asymmetry": 0.05371429721514384,
    "high_asymmetry_episodes": 150,
    "mean_head_distance": 0.1329951387643814,
    "head_forward_episodes": 0,
    "posture_stability": 0.997603633226479,
    "movement_intensity": 0.03393895338728693
  },
  "behavioral_patterns": {
    "breathing_jaw_correlation": -0.08304218395981071,
    "breathing_eye_correlation": -0.08518449760851647,
    "jaw_eye_correlation": 0.5798510522171985,
    "physiological_coherence": 0.24935924459517522,
    "stress_response_coordination": 0.0,
    "behavioral_volatility": 1.0177404238735819
  }
}