{
  "window_id": 20,
  "timestamp_start": 1755843036.508031,
  "timestamp_end": 1755843041.030474,
  "duration_seconds": 4.522443056106567,
  "frame_count": 150,
  "valid_frames": 150,
  "estimated_fps": 33.16791347929918,
  "breathing_analysis": {
    "mean_bpm": 26.894668579101562,
    "median_bpm": 14.5,
    "mode_bpm": 12.4,
    "bpm_std": 16.997922897338867,
    "bpm_range": 37.599998474121094,
    "bpm_iqr": 36.69999980926514,
    "mean_confidence": 0.11554667353630066,
    "confidence_stability": 0.9411177895963192,
    "mean_variability": 11.735365867614746,
    "bpm_trend": 0.09199733321480963,
    "bpm_acceleration": 0.0,
    "max_bpm": 50.0,
    "min_bpm": 12.399999618530273,
    "bpm_spikes": 0,
    "time_slow_breathing": 0.0,
    "time_normal_breathing": 0.5933333333333334,
    "time_fast_breathing": 0.4066666666666667
  },
  "facial_analysis": {
    "mean_jaw_width": 0.09346364816029866,
    "jaw_width_std": 7.169960869172165e-05,
    "jaw_tension_episodes": 23,
    "mean_mouth_curvature": 0.01045502836505572,
    "smile_frequency": 0.3,
    "frown_frequency": 0.0,
    "expression_stability": 0.9999647373206323,
    "mean_eyebrow_height": 0.5988361774682999,
    "eyebrow_height_std": 8.683155838452084e-05,
    "eyebrow_tension_episodes": 0,
    "facial_movement_intensity": 0.0496050926915478,
    "facial_stability_score": 0.9999354066921663
  },
  "eye_analysis": {
    "mean_eye_openness": 0.31564259209156204,
    "eye_openness_std": 0.0007921542178212662,
    "low_openness_episodes": 0,
    "blink_frequency": 6.349750038976576,
    "mean_asymmetry": 0.04298065584054971,
    "high_asymmetry_episodes": 0,
    "eye_fatigue_trend": -1.3099820314328439e-06,
    "eye_stability": 0.9992182947708765,
    "sustained_attention_score": 0.7572899273443969,
    "perclos": 0.0,
    "blink_rate_horizon_seconds": 9.449190855026245
  },
  "posture_analysis": {
    "mean_shoulder_height": 0.8640534740686416,
    "shoulder_height_std": 0.0001622007163727109,
    "shoulder_tension_trend": -2.6912193594208667e-06,
    "mean_shoulder_asymmetry": 0.05997137665748596,
    "high_asymmetry_episodes": 150,
    "mean_head_distance": 0.15677580575148264,
    "head_forward_episodes": 0,
    "posture_stability": 0.9998378255884331,
    "movement_intensity": 0.001460884957429356
  },
  "behavioral_patterns": {
    "breathing_jaw_correlation": -0.04793105436003793,
    "breathing_eye_correlation": 0.024852882386045144,
    "jaw_eye_correlation": 0.5347384977378173,
    "physiological_coherence": 0.20250747816130013,
    "stress_response_coordination": 0.0,
    "behavioral_volatility": 2.973671537545361
  }
}