{
  "window_id": 0,
  "timestamp_start": 1755842936.169488,
  "timestamp_end": 1755842940.622161,
  "duration_seconds": 4.452672958374023,
  "frame_count": 150,
  "valid_frames": 109,
  "estimated_fps": 33.68763019477974,
  "breathing_analysis": {
    "mean_bpm": 19.729999542236328,
    "median_bpm": 19.700000762939453,
    "mode_bpm": 17.6,
    "bpm_std": 1.2954151630401611,
    "bpm_range": 4.399999618530273,
    "bpm_iqr": 2.0000009536743164,
    "mean_confidence": 0.021807339042425156,
    "confidence_stability": 0.9534755684435368,
    "mean_variability": 0.12890823185443878,
    "bpm_trend": -0.22436090225563898,
    "bpm_acceleration": 0.005555555555555635,
    "max_bpm": 22.0,
    "min_bpm": 17.600000381469727,
    "bpm_spikes": 0,
    "time_slow_breathing": 0.0,
    "time_normal_breathing": 0.6,
    "time_fast_breathing": 0.4
  },
  "facial_analysis": {
    "mean_jaw_width": 0.09348073681195578,
    "jaw_width_std": 7.945038479762536e-05,
    "jaw_tension_episodes": 28,
    "mean_mouth_curvature": 0.01046738903721174,
    "smile_frequency": 0.31333333333333335,
    "frown_frequency": 0.0,
    "expression_stability": 0.9999660034037794,
    "mean_eyebrow_height": 0.5988409861326218,
    "eyebrow_height_std": 7.976466872473313e-05,
    "eyebrow_tension_episodes": 0,
    "facial_movement_intensity": 0.05025634618866536,
    "facial_stability_score": 0.9999356007265812
  },
  "eye_analysis": {
    "mean_eye_openness": 0.3158615860520487,
    "eye_openness_std": 0.0006247246966501019,
    "low_openness_episodes": 0,
    "blink_frequency": 0.0,
    "mean_asymmetry": 0.042731584657957525,
    "high_asymmetry_episodes": 0,
    "eye_fatigue_trend": 1.5178879085226442e-07,
    "eye_stability": 0.9992068035233502,
    "sustained_attention_score": 0.7575017588991471,
    "perclos": 0.0,
    "blink_rate_horizon_seconds": 5.017745018005371
  },
  "posture_analysis": {
    "mean_shoulder_height": 0.8584240261713664,
    "shoulder_height_std": 0.0006116609290100887,
    "shoulder_tension_trend": 8.980367834228112e-06,
    "mean_shoulder_asymmetry": 0.04992250839869181,
    "high_asymmetry_episodes": 150,
    "mean_head_distance": 0.13542894641558328,
    "head_forward_episodes": 0,
    "posture_stability": 0.9993887129713818,
    "movement_intensity": 0.01601223613887959
  },
  "behavioral_patterns": {
    "breathing_jaw_correlation": -0.16410390589733373,
    "breathing_eye_correlation": 0.03328572744699651,
    "jaw_eye_correlation": 0.6468252749887462,
    "physiological_coherence": 0.28140496944435883,
    "stress_response_coordination": 0.0,
    "behavioral_volatility": 0.022255894411777458
  }
}