{
  "window_id": 8,
  "timestamp_start": 1755842976.275933,
  "timestamp_end": 1755842980.714219,
  "duration_seconds": 4.438286066055298,
  "frame_count": 150,
  "valid_frames": 150,
  "estimated_fps": 33.7968300752904,
  "breathing_analysis": {
    "mean_bpm": 38.6053352355957,
    "median_bpm": 48.099998474121094,
    "mode_bpm": 46.51,
    "bpm_std": 14.290180206298828,
    "bpm_range": 34.900001525878906,
    "bpm_iqr": 31.67499876022339,
    "mean_confidence": 0.24211333692073822,
    "confidence_stability": 0.9163903072476387,
    "mean_variability": 7.104885101318359,
    "bpm_trend": -0.14367216320725365,
    "bpm_acceleration": 4.800964430811488e-17,
    "max_bpm": 50.0,
    "min_bpm": 15.100000381469727,
    "bpm_spikes": 0,
    "time_slow_breathing": 0.0,
    "time_normal_breathing": 0.26666666666666666,
    "time_fast_breathing": 0.7333333333333333
  },
  "facial_analysis": {
    "mean_jaw_width": 0.09348938822746276,
    "jaw_width_std": 8.012040234704996e-05,
    "jaw_tension_episodes": 22,
    "mean_mouth_curvature": 0.010470430264870325,
    "smile_frequency": 0.2866666666666667,
    "frown_frequency": 0.0,
    "expression_stability": 0.999967202139143,
    "mean_eyebrow_height": 0.5988393462896348,
    "eyebrow_height_std": 7.330568521607358e-05,
    "eyebrow_tension_episodes": 0,
    "facial_movement_intensity": 0.04728707493680077,
    "facial_stability_score": 0.9999379296397795
  },
  "eye_analysis": {
    "mean_eye_openness": 0.31587134014453283,
    "eye_openness_std": 0.0006647705118383168,
    "low_openness_episodes": 0,
    "blink_frequency": 6.621149867562922,
    "mean_asymmetry": 0.04283236360853806,
    "high_asymmetry_episodes": 0,
    "eye_fatigue_trend": -3.853298046045854e-07,
    "eye_stability": 0.999195707319764,
    "sustained_attention_score": 0.7574580686747189,
    "perclos": 0.0,
    "blink_rate_horizon_seconds": 9.061870098114014
  },
  "posture_analysis": {
    "mean_shoulder_height": 0.8555906762679418,
    "shoulder_height_std": 0.0013868657106636197,
    "shoulder_tension_trend": 2.4098149723113792e-05,
    "mean_shoulder_asymmetry": 0.05591567556063334,
    "high_asymmetry_episodes": 150,
    "mean_head_distance": 0.13639135976632435,
    "head_forward_episodes": 0,
    "posture_stability": 0.9986150550220374,
    "movement_intensity": 0.02336544600562846
  },
  "behavioral_patterns": {
    "breathing_jaw_correlation": -0.015046219603999714,
    "breathing_eye_correlation": 0.014701096064472086,
    "jaw_eye_correlation": 0.5229153073886398,
    "physiological_coherence": 0.18422087435237053,
    "stress_response_coordination": 0.0,
    "behavioral_volatility": 2.1493817946450084
  }
}