{
  "window_id": 4,
  "timestamp_start": 1755842956.1109362,
  "timestamp_end": 1755842960.689759,
  "duration_seconds": 4.57882285118103,
  "frame_count": 150,
  "valid_frames": 150,
  "estimated_fps": 32.75951153281897,
  "breathing_analysis": {
    "mean_bpm": 45.276668548583984,
    "median_bpm": 49.5,
    "mode_bpm": 46.339999999999996,
    "bpm_std": 11.530553817749023,
    "bpm_range": 36.599998474121094,
    "bpm_iqr": 0.0,
    "mean_confidence": 0.2745399475097656,
    "confidence_stability": 0.9400577321648598,
    "mean_variability": 4.217624664306641,
    "bpm_trend": -0.14875807813680575,
    "bpm_acceleration": 0.0013513513513513705,
    "max_bpm": 50.0,
    "min_bpm": 13.399999618530273,
    "bpm_spikes": 0,
    "time_slow_breathing": 0.0,
    "time_normal_breathing": 0.12,
    "time_fast_breathing": 0.88
  },
  "facial_analysis": {
    "mean_jaw_width": 0.09345585068066915,
    "jaw_width_std": 6.936565375006854e-05,
    "jaw_tension_episodes": 24,
    "mean_mouth_curvature": 0.010450696647167206,
    "smile_frequency": 0.29333333333333333,
    "frown_frequency": 0.0,
    "expression_stability": 0.9999641189703974,
    "mean_eyebrow_height": 0.5988334625760714,
    "eyebrow_height_std": 8.757403608744767e-05,
    "eyebrow_tension_episodes": 0,
    "facial_movement_intensity": 0.04910884834898044,
    "facial_stability_score": 0.9999357310159208
  },
  "eye_analysis": {
    "mean_eye_openness": 0.31563560237739846,
    "eye_openness_std": 0.0007801686250210708,
    "low_openness_episodes": 0,
    "blink_frequency": 6.512110394990748,
    "mean_asymmetry": 0.04287802814349759,
    "high_asymmetry_episodes": 0,
    "eye_fatigue_trend": -2.599480784902249e-06,
    "eye_stability": 0.9992638400449422,
    "sustained_attention_score": 0.7573258018696266,
    "perclos": 0.0,
    "blink_rate_horizon_seconds": 9.213603019714355
  },
  "posture_analysis": {
    "mean_shoulder_height": 0.8562491565942765,
    "shoulder_height_std": 0.0017112513547601202,
    "shoulder_tension_trend": 1.6253635381994758e-05,
    "mean_shoulder_asymmetry": 0.05296918272972107,
    "high_asymmetry_episodes": 150,
    "mean_head_distance": 0.1332963587840398,
    "head_forward_episodes": 0,
    "posture_stability": 0.9982916720238035,
    "movement_intensity": 0.028847118594775557
  },
  "behavioral_patterns": {
    "breathing_jaw_correlation": 0.16853569605819382,
    "breathing_eye_correlation": 0.029403232688435553,
    "jaw_eye_correlation": 0.5630145765589398,
    "physiological_coherence": 0.2536511684351897,
    "stress_response_coordination": 0.0,
    "behavioral_volatility": 0.9971315756286837
  }
}