{
  "window_id": 19,
  "timestamp_start": 1755849492.578899,
  "timestamp_end": 1755849497.117146,
  "duration_seconds": 4.538247108459473,
  "frame_count": 150,
  "valid_frames": 150,
  "estimated_fps": 33.052409094338216,
  "breathing_analysis": {
    "mean_bpm": 45.37533950805664,
    "median_bpm": 47.5,
    "mode_bpm": 45.22,
    "bpm_std": 4.257103443145752,
    "bpm_range": 22.799999237060547,
    "bpm_iqr": 1.9000015258789062,
    "mean_confidence": 0.3544999659061432,
    "confidence_stability": 0.8848585933446884,
    "mean_variability": 1.9156913757324219,
    "bpm_trend": -0.04806809191519609,
    "bpm_acceleration": 0.0,
    "max_bpm": 47.5,
    "min_bpm": 24.700000762939453,
    "bpm_spikes": 0,
    "time_slow_breathing": 0.0,
    "time_normal_breathing": 0.0,
    "time_fast_breathing": 1.0
  },
  "facial_analysis": {
    "mean_jaw_width": 0.07456297000249226,
    "jaw_width_std": 0.000614171948704392,
    "jaw_tension_episodes": 25,
    "mean_mouth_curvature": -0.002692048082749046,
    "smile_frequency": 0.0,
    "frown_frequency": 0.23333333333333334,
    "expression_stability": 0.9997395235702599,
    "mean_eyebrow_height": 0.5151343334714572,
    "eyebrow_height_std": 0.0013645927507933402,
    "eyebrow_tension_episodes": 0,
    "facial_movement_intensity": 0.07171107503334816,
    "facial_stability_score": 0.9990117359259845
  },
  "eye_analysis": {
    "mean_eye_openness": 0.3513051154916699,
    "eye_openness_std": 0.01702767901790146,
    "low_openness_episodes": 0,
    "blink_frequency": 99.15722728301465,
    "mean_asymmetry": 0.014763300981181808,
    "high_asymmetry_episodes": 0,
    "eye_fatigue_trend": 0.0002678999515643806,
    "eye_stability": 0.9895941209839824,
    "sustained_attention_score": 0.7731713784975289,
    "perclos": 0.04,
    "blink_rate_horizon_seconds": 9.337569952011108
  },
  "posture_analysis": {
    "mean_shoulder_height": 0.9590194646517436,
    "shoulder_height_std": 0.0016388085697330358,
    "shoulder_tension_trend": -3.641616366132824e-05,
    "mean_shoulder_asymmetry": 0.03109921852747599,
    "high_asymmetry_episodes": 135,
    "mean_head_distance": 0.31836636265118917,
    "head_forward_episodes": 0,
    "posture_stability": 0.9983638727296589,
    "movement_intensity": 0.013868496060134253
  },
  "behavioral_patterns": {
    "breathing_jaw_correlation": 0.1584263647430248,
    "breathing_eye_correlation": -0.1534379770764701,
    "jaw_eye_correlation": -0.10687530528447088,
    "physiological_coherence": 0.1395798823679886,
    "stress_response_coordination": 1.0,
    "behavioral_volatility": 0.8994803481333521
  }
}