{
  "window_id": 3,
  "timestamp_start": 1755849412.4820921,
  "timestamp_end": 1755849416.7819068,
  "duration_seconds": 4.299814701080322,
  "frame_count": 150,
  "valid_frames": 150,
  "estimated_fps": 34.88522423124716,
  "breathing_analysis": {
    "mean_bpm": 34.415340423583984,
    "median_bpm": 39.20000076293945,
    "mode_bpm": 38.66,
    "bpm_std": 10.729950904846191,
    "bpm_range": 37.79999923706055,
    "bpm_iqr": 12.075000286102295,
    "mean_confidence": 0.24580667912960052,
    "confidence_stability": 0.8958208113908768,
    "mean_variability": 4.755631446838379,
    "bpm_trend": -0.17678350148895502,
    "bpm_acceleration": 3.600723323108616e-17,
    "max_bpm": 50.0,
    "min_bpm": 12.199999809265137,
    "bpm_spikes": 0,
    "time_slow_breathing": 0.0,
    "time_normal_breathing": 0.22,
    "time_fast_breathing": 0.78
  },
  "facial_analysis": {
    "mean_jaw_width": 0.08048296809196472,
    "jaw_width_std": 0.0011050481912137692,
    "jaw_tension_episodes": 27,
    "mean_mouth_curvature": -0.00019035027424494513,
    "smile_frequency": 0.0,
    "frown_frequency": 0.0,
    "expression_stability": 0.9995546054874355,
    "mean_eyebrow_height": 0.510483969171842,
    "eyebrow_height_std": 0.002985263674265361,
    "eyebrow_tension_episodes": 0,
    "facial_movement_intensity": 0.15081310762338493,
    "facial_stability_score": 0.9985875295107113
  },
  "eye_analysis": {
    "mean_eye_openness": 0.3369483265351815,
    "eye_openness_std": 0.060818977512821545,
    "low_openness_episodes": 6,
    "blink_frequency": 26.83478787019012,
    "mean_asymmetry": 0.02214886921024358,
    "high_asymmetry_episodes": 13,
    "eye_fatigue_trend": 0.0002039886623989919,
    "eye_stability": 0.9820999325901502,
    "sustained_attention_score": 0.7513268266040388,
    "perclos": 0.07333333333333333,
    "blink_rate_horizon_seconds": 9.214952945709229
  },
  "posture_analysis": {
    "mean_shoulder_height": 0.9580615951617559,
    "shoulder_height_std": 0.002939047211894972,
    "shoulder_tension_trend": -4.061114269339078e-05,
    "mean_shoulder_asymmetry": 0.026280026038487753,
    "high_asymmetry_episodes": 44,
    "mean_head_distance": 0.325531532963117,
    "head_forward_episodes": 0,
    "posture_stability": 0.9970695654735298,
    "movement_intensity": 0.057375912410049204
  },
  "behavioral_patterns": {
    "breathing_jaw_correlation": 0.42235710717963915,
    "breathing_eye_correlation": -0.22089294033349413,
    "jaw_eye_correlation": -0.3321187670517529,
    "physiological_coherence": 0.3251229381882954,
    "stress_response_coordination": 0.21333333333333335,
    "behavioral_volatility": 0.8144831322401945
  }
}