{
  "window_id": 10,
  "timestamp_start": 1755842986.2942898,
  "timestamp_end": 1755842990.730405,
  "duration_seconds": 4.436115264892578,
  "frame_count": 150,
  "valid_frames": 150,
  "estimated_fps": 33.81336846386752,
  "breathing_analysis": {
    "mean_bpm": 24.962665557861328,
    "median_bpm": 19.25,
    "mode_bpm": 12.2,
    "bpm_std": 14.002721786499023,
    "bpm_range": 37.79999923706055,
    "bpm_iqr": 18.750000476837158,
    "mean_confidence": 0.10556665807962418,
    "confidence_stability": 0.9047058969736099,
    "mean_variability": 9.131209373474121,
    "bpm_trend": -0.030870705364682793,
    "bpm_acceleration": -0.005405405405405398,
    "max_bpm": 50.0,
    "min_bpm": 12.199999809265137,
    "bpm_spikes": 0,
    "time_slow_breathing": 0.0,
    "time_normal_breathing": 0.5266666666666666,
    "time_fast_breathing": 0.47333333333333333
  },
  "facial_analysis": {
    "mean_jaw_width": 0.09346768260002136,
    "jaw_width_std": 7.822996819908987e-05,
    "jaw_tension_episodes": 25,
    "mean_mouth_curvature": 0.010457364360491429,
    "smile_frequency": 0.2866666666666667,
    "frown_frequency": 0.0,
    "expression_stability": 0.9999683222815328,
    "mean_eyebrow_height": 0.5988397727807363,
    "eyebrow_height_std": 8.247962607681083e-05,
    "eyebrow_tension_episodes": 0,
    "facial_movement_intensity": 0.052328870594177436,
    "facial_stability_score": 0.9999358755374933
  },
  "eye_analysis": {
    "mean_eye_openness": 0.315690630020303,
    "eye_openness_std": 0.0007279026086194505,
    "low_openness_episodes": 0,
    "blink_frequency": 6.557154011626145,
    "mean_asymmetry": 0.0429472672435965,
    "high_asymmetry_episodes": 0,
    "eye_fatigue_trend": 1.6155948152112038e-06,
    "eye_stability": 0.999281349257219,
    "sustained_attention_score": 0.7573384867226957,
    "perclos": 0.0,
    "blink_rate_horizon_seconds": 9.15031123161316
  },
  "posture_analysis": {
    "mean_shoulder_height": 0.8653310499588649,
    "shoulder_height_std": 0.0010076313211886453,
    "shoulder_tension_trend": -9.383298782850164e-06,
    "mean_shoulder_asymmetry": 0.07097804268201192,
    "high_asymmetry_episodes": 150,
    "mean_head_distance": 0.14492624739805857,
    "head_forward_episodes": 0,
    "posture_stability": 0.9989933829776515,
    "movement_intensity": 0.012148872430158953
  },
  "behavioral_patterns": {
    "breathing_jaw_correlation": 0.011846212800250635,
    "breathing_eye_correlation": 0.06283427128048821,
    "jaw_eye_correlation": 0.6104708370762342,
    "physiological_coherence": 0.22838377371899102,
    "stress_response_coordination": 0.0,
    "behavioral_volatility": 2.5855589465790874
  }
}