{
  "window_id": 18,
  "timestamp_start": 1755843026.345875,
  "timestamp_end": 1755843031.0089312,
  "duration_seconds": 4.663056135177612,
  "frame_count": 150,
  "valid_frames": 150,
  "estimated_fps": 32.16774485479931,
  "breathing_analysis": {
    "mean_bpm": 32.311336517333984,
    "median_bpm": 50.0,
    "mode_bpm": 46.25,
    "bpm_std": 17.938634872436523,
    "bpm_range": 37.5,
    "bpm_iqr": 35.89999961853027,
    "mean_confidence": 0.12290666252374649,
    "confidence_stability": 0.947421632707119,
    "mean_variability": 10.35302448272705,
    "bpm_trend": -0.02722912129427963,
    "bpm_acceleration": 1.200241107702872e-17,
    "max_bpm": 50.0,
    "min_bpm": 12.5,
    "bpm_spikes": 0,
    "time_slow_breathing": 0.0,
    "time_normal_breathing": 0.49333333333333335,
    "time_fast_breathing": 0.5066666666666667
  },
  "facial_analysis": {
    "mean_jaw_width": 0.09346970121065776,
    "jaw_width_std": 7.243241039837189e-05,
    "jaw_tension_episodes": 25,
    "mean_mouth_curvature": 0.01046038446823756,
    "smile_frequency": 0.29333333333333333,
    "frown_frequency": 0.0,
    "expression_stability": 0.9999640303848099,
    "mean_eyebrow_height": 0.5988385379314423,
    "eyebrow_height_std": 8.358404386700835e-05,
    "eyebrow_tension_episodes": 0,
    "facial_movement_intensity": 0.04726126067207391,
    "facial_stability_score": 0.9999360091520312
  },
  "eye_analysis": {
    "mean_eye_openness": 0.31569401719858436,
    "eye_openness_std": 0.0007826240756252278,
    "low_openness_episodes": 0,
    "blink_frequency": 8.502487626819201,
    "mean_asymmetry": 0.04291606992137355,
    "high_asymmetry_episodes": 0,
    "eye_fatigue_trend": -1.9623674683911875e-06,
    "eye_stability": 0.9992022552274294,
    "sustained_attention_score": 0.7573317744005285,
    "perclos": 0.0,
    "blink_rate_horizon_seconds": 9.600990056991577
  },
  "posture_analysis": {
    "mean_shoulder_height": 0.8642105070749918,
    "shoulder_height_std": 1.9434686778786914e-05,
    "shoulder_tension_trend": 2.858924772196121e-09,
    "mean_shoulder_asymmetry": 0.060609655380249025,
    "high_asymmetry_episodes": 150,
    "mean_head_distance": 0.15757649779319763,
    "head_forward_episodes": 0,
    "posture_stability": 0.999980565690921,
    "movement_intensity": 0.0007419660903173849
  },
  "behavioral_patterns": {
    "breathing_jaw_correlation": -0.16447691387104454,
    "breathing_eye_correlation": -0.15804786448894917,
    "jaw_eye_correlation": 0.5405006120594206,
    "physiological_coherence": 0.2876751301398048,
    "stress_response_coordination": 0.0,
    "behavioral_volatility": 2.678921193854249
  }
}