{
  "window_id": 0,
  "timestamp_start": 1755849397.3169851,
  "timestamp_end": 1755849401.716434,
  "duration_seconds": 4.399448871612549,
  "frame_count": 150,
  "valid_frames": 112,
  "estimated_fps": 34.09517973214219,
  "breathing_analysis": {
    "mean_bpm": 26.282608032226562,
    "median_bpm": 27.299999237060547,
    "mode_bpm": 26.869999999999997,
    "bpm_std": 2.5254623889923096,
    "bpm_range": 8.30000114440918,
    "bpm_iqr": 1.2000007629394531,
    "mean_confidence": 0.07035714387893677,
    "confidence_stability": 0.8486868292093277,
    "mean_variability": 0.11636381596326828,
    "bpm_trend": -0.2504940711462454,
    "bpm_acceleration": -0.05714285714285728,
    "max_bpm": 27.700000762939453,
    "min_bpm": 19.399999618530273,
    "bpm_spikes": 0,
    "time_slow_breathing": 0.0,
    "time_normal_breathing": 0.08695652173913043,
    "time_fast_breathing": 0.9130434782608695
  },
  "facial_analysis": {
    "mean_jaw_width": 0.0744087125857671,
    "jaw_width_std": 0.0012740330228638848,
    "jaw_tension_episodes": 23,
    "mean_mouth_curvature": 0.00017311466733614648,
    "smile_frequency": 0.0,
    "frown_frequency": 0.0,
    "expression_stability": 0.9996454905769376,
    "mean_eyebrow_height": 0.5114493942658106,
    "eyebrow_height_std": 0.0028870204144568596,
    "eyebrow_tension_episodes": 0,
    "facial_movement_intensity": 0.10401780052612719,
    "facial_stability_score": 0.9985412398378561
  },
  "eye_analysis": {
    "mean_eye_openness": 0.35802908362840585,
    "eye_openness_std": 0.07136727831375296,
    "low_openness_episodes": 10,
    "blink_frequency": 35.889662875939145,
    "mean_asymmetry": 0.019567683982088076,
    "high_asymmetry_episodes": 10,
    "eye_fatigue_trend": 0.000520313592561633,
    "eye_stability": 0.984266046962843,
    "sustained_attention_score": 0.7556980404441882,
    "perclos": 0.06976744186046512,
    "blink_rate_horizon_seconds": 5.012531995773315
  },
  "posture_analysis": {
    "mean_shoulder_height": 0.9594991270701091,
    "shoulder_height_std": 0.0016069948430857772,
    "shoulder_tension_trend": -2.3554367851458876e-05,
    "mean_shoulder_asymmetry": 0.02797350565592448,
    "high_asymmetry_episodes": 37,
    "mean_head_distance": 0.3273526338736216,
    "head_forward_episodes": 0,
    "posture_stability": 0.9983955834460427,
    "movement_intensity": 0.019120963019494987
  },
  "behavioral_patterns": {
    "breathing_jaw_correlation": -0.6006378767269192,
    "breathing_eye_correlation": 0.46279369203490783,
    "jaw_eye_correlation": -0.6312671791300642,
    "physiological_coherence": 0.5648995826306304,
    "stress_response_coordination": 0.17857142857142858,
    "behavioral_volatility": 0.3985325040736342
  }
}