{
  "window_id": 22,
  "timestamp_start": 1755843046.4798772,
  "timestamp_end": 1755843051.083445,
  "duration_seconds": 4.603567838668823,
  "frame_count": 150,
  "valid_frames": 150,
  "estimated_fps": 32.583423391752234,
  "breathing_analysis": {
    "mean_bpm": 29.17466163635254,
    "median_bpm": 14.899999618530273,
    "mode_bpm": 12.7,
    "bpm_std": 17.34154510498047,
    "bpm_range": 37.29999923706055,
    "bpm_iqr": 35.80000019073486,
    "mean_confidence": 0.1535533368587494,
    "confidence_stability": 0.9335763603448868,
    "mean_variability": 13.284055709838867,
    "bpm_trend": -0.007702386772745371,
    "bpm_acceleration": 0.0,
    "max_bpm": 50.0,
    "min_bpm": 12.699999809265137,
    "bpm_spikes": 0,
    "time_slow_breathing": 0.0,
    "time_normal_breathing": 0.54,
    "time_fast_breathing": 0.46
  },
  "facial_analysis": {
    "mean_jaw_width": 0.09346226334571839,
    "jaw_width_std": 7.983199767866795e-05,
    "jaw_tension_episodes": 27,
    "mean_mouth_curvature": 0.010458484490712487,
    "smile_frequency": 0.3466666666666667,
    "frown_frequency": 0.0,
    "expression_stability": 0.9999598696832586,
    "mean_eyebrow_height": 0.5988343610962232,
    "eyebrow_height_std": 8.021503605632335e-05,
    "eyebrow_tension_episodes": 0,
    "facial_movement_intensity": 0.049104243081469476,
    "facial_stability_score": 0.9999332790221587
  },
  "eye_analysis": {
    "mean_eye_openness": 0.3157496170182188,
    "eye_openness_std": 0.0007698800263475044,
    "low_openness_episodes": 0,
    "blink_frequency": 0.0,
    "mean_asymmetry": 0.04286895588946554,
    "high_asymmetry_episodes": 0,
    "eye_fatigue_trend": 6.67149756347359e-07,
    "eye_stability": 0.9991221600560479,
    "sustained_attention_score": 0.7573702603674685,
    "perclos": 0.0,
    "blink_rate_horizon_seconds": 9.465681076049805
  },
  "posture_analysis": {
    "mean_shoulder_height": 0.8639560186862946,
    "shoulder_height_std": 0.0001333759694691502,
    "shoulder_tension_trend": 1.5048632288430172e-06,
    "mean_shoulder_asymmetry": 0.06037831385930379,
    "high_asymmetry_episodes": 150,
    "mean_head_distance": 0.15645248293876649,
    "head_forward_episodes": 0,
    "posture_stability": 0.9998666418173079,
    "movement_intensity": 0.001467981882819812
  },
  "behavioral_patterns": {
    "breathing_jaw_correlation": -0.18704318668741057,
    "breathing_eye_correlation": -0.2142194082649007,
    "jaw_eye_correlation": 0.55303174531918,
    "physiological_coherence": 0.31809811342383043,
    "stress_response_coordination": 0.0,
    "behavioral_volatility": 2.579042305157618
  }
}