{
  "window_id": 23,
  "timestamp_start": 1755849512.725166,
  "timestamp_end": 1755849517.182959,
  "duration_seconds": 4.4577929973602295,
  "frame_count": 150,
  "valid_frames": 150,
  "estimated_fps": 33.64893795849773,
  "breathing_analysis": {
    "mean_bpm": 35.025333404541016,
    "median_bpm": 40.099998474121094,
    "mode_bpm": 38.66,
    "bpm_std": 12.38534164428711,
    "bpm_range": 37.79999923706055,
    "bpm_iqr": 0.0,
    "mean_confidence": 0.2335466742515564,
    "confidence_stability": 0.9034077599644661,
    "mean_variability": 5.673150539398193,
    "bpm_trend": -0.10559615982932566,
    "bpm_acceleration": 0.0013513513513513467,
    "max_bpm": 50.0,
    "min_bpm": 12.199999809265137,
    "bpm_spikes": 0,
    "time_slow_breathing": 0.0,
    "time_normal_breathing": 0.24666666666666667,
    "time_fast_breathing": 0.7533333333333333
  },
  "facial_analysis": {
    "mean_jaw_width": 0.07312835415204366,
    "jaw_width_std": 0.0007535606301165196,
    "jaw_tension_episodes": 23,
    "mean_mouth_curvature": -0.0016470137933890044,
    "smile_frequency": 0.0,
    "frown_frequency": 0.3933333333333333,
    "expression_stability": 0.999769382290491,
    "mean_eyebrow_height": 0.5199130704402923,
    "eyebrow_height_std": 0.001968120171057844,
    "eyebrow_tension_episodes": 0,
    "facial_movement_intensity": 0.07885208118153286,
    "facial_stability_score": 0.9986413762566668
  },
  "eye_analysis": {
    "mean_eye_openness": 0.3362333244220778,
    "eye_openness_std": 0.005399166256033204,
    "low_openness_episodes": 0,
    "blink_frequency": 32.56348834693329,
    "mean_asymmetry": 0.008981242160811987,
    "high_asymmetry_episodes": 0,
    "eye_fatigue_trend": -3.338471208019953e-05,
    "eye_stability": 0.9937602448026838,
    "sustained_attention_score": 0.7739509720017441,
    "perclos": 0.02,
    "blink_rate_horizon_seconds": 9.401489019393921
  },
  "posture_analysis": {
    "mean_shoulder_height": 0.9623310347398122,
    "shoulder_height_std": 0.001535366385954315,
    "shoulder_tension_trend": -3.475600811919488e-05,
    "mean_shoulder_asymmetry": 0.029894606272379557,
    "high_asymmetry_episodes": 68,
    "mean_head_distance": 0.31943488637606304,
    "head_forward_episodes": 0,
    "posture_stability": 0.9984669873501375,
    "movement_intensity": 0.011112746176288166
  },
  "behavioral_patterns": {
    "breathing_jaw_correlation": -0.2238817527264263,
    "breathing_eye_correlation": -0.05910782283680466,
    "jaw_eye_correlation": -0.3834720756399101,
    "physiological_coherence": 0.22215388373438036,
    "stress_response_coordination": 0.7533333333333333,
    "behavioral_volatility": 2.0945948004386072
  }
}