{
  "window_id": 21,
  "timestamp_start": 1755849502.710489,
  "timestamp_end": 1755849507.1678889,
  "duration_seconds": 4.457399845123291,
  "frame_count": 150,
  "valid_frames": 150,
  "estimated_fps": 33.65190586707418,
  "breathing_analysis": {
    "mean_bpm": 32.87133026123047,
    "median_bpm": 50.0,
    "mode_bpm": 46.22,
    "bpm_std": 17.845609664916992,
    "bpm_range": 37.79999923706055,
    "bpm_iqr": 35.77500009536743,
    "mean_confidence": 0.1393199861049652,
    "confidence_stability": 0.9254778549075127,
    "mean_variability": 10.740761756896973,
    "bpm_trend": 0.07391172941019618,
    "bpm_acceleration": 0.0013513513513515026,
    "max_bpm": 50.0,
    "min_bpm": 12.199999809265137,
    "bpm_spikes": 0,
    "time_slow_breathing": 0.0,
    "time_normal_breathing": 0.48,
    "time_fast_breathing": 0.52
  },
  "facial_analysis": {
    "mean_jaw_width": 0.08107818365097046,
    "jaw_width_std": 0.0056105956309244545,
    "jaw_tension_episodes": 43,
    "mean_mouth_curvature": 0.003612329214811325,
    "smile_frequency": 0.11333333333333333,
    "frown_frequency": 0.14,
    "expression_stability": 0.9970491466127647,
    "mean_eyebrow_height": 0.538595088104407,
    "eyebrow_height_std": 0.009965054645054046,
    "eyebrow_tension_episodes": 0,
    "facial_movement_intensity": 0.11861851857922599,
    "facial_stability_score": 0.9943542504722651
  },
  "eye_analysis": {
    "mean_eye_openness": 0.3480019009379383,
    "eye_openness_std": 0.009236181698989885,
    "low_openness_episodes": 0,
    "blink_frequency": 43.893790261401094,
    "mean_asymmetry": 0.016349281195152006,
    "high_asymmetry_episodes": 0,
    "eye_fatigue_trend": -6.210161433953487e-05,
    "eye_stability": 0.9906211471690333,
    "sustained_attention_score": 0.7741388126812655,
    "perclos": 0.03333333333333333,
    "blink_rate_horizon_seconds": 9.193326950073242
  },
  "posture_analysis": {
    "mean_shoulder_height": 0.9590504441658656,
    "shoulder_height_std": 0.0020475129019052207,
    "shoulder_tension_trend": 4.253984493723773e-05,
    "mean_shoulder_asymmetry": 0.025612550179163616,
    "high_asymmetry_episodes": 17,
    "mean_head_distance": 0.28984354476133983,
    "head_forward_episodes": 0,
    "posture_stability": 0.9979566708409108,
    "movement_intensity": 0.02022587391158089
  },
  "behavioral_patterns": {
    "breathing_jaw_correlation": -0.13794810558291073,
    "breathing_eye_correlation": -0.029087188543481364,
    "jaw_eye_correlation": -0.1764338986657111,
    "physiological_coherence": 0.11448973093070107,
    "stress_response_coordination": 0.21333333333333335,
    "behavioral_volatility": 2.7667013992390497
  }
}