{
  "window_id": 18,
  "timestamp_start": 1755849487.6028118,
  "timestamp_end": 1755849492.112243,
  "duration_seconds": 4.5094311237335205,
  "frame_count": 150,
  "valid_frames": 150,
  "estimated_fps": 33.26361926464232,
  "breathing_analysis": {
    "mean_bpm": 40.46333312988281,
    "median_bpm": 39.599998474121094,
    "mode_bpm": 37.5,
    "bpm_std": 3.9404470920562744,
    "bpm_range": 12.5,
    "bpm_iqr": 3.700000762939453,
    "mean_confidence": 0.5941599607467651,
    "confidence_stability": 0.7743385434150696,
    "mean_variability": 1.4361575841903687,
    "bpm_trend": 0.051555891372949914,
    "bpm_acceleration": 0.03986486486486485,
    "max_bpm": 50.0,
    "min_bpm": 37.5,
    "bpm_spikes": 12,
    "time_slow_breathing": 0.0,
    "time_normal_breathing": 0.0,
    "time_fast_breathing": 1.0
  },
  "facial_analysis": {
    "mean_jaw_width": 0.07422847509384155,
    "jaw_width_std": 0.0014758434532027066,
    "jaw_tension_episodes": 16,
    "mean_mouth_curvature": -0.0033800340990225494,
    "smile_frequency": 0.0,
    "frown_frequency": 0.21333333333333335,
    "expression_stability": 0.9992998078819892,
    "mean_eyebrow_height": 0.5091491590638956,
    "eyebrow_height_std": 0.005549601405456964,
    "eyebrow_tension_episodes": 0,
    "facial_movement_intensity": 0.1277405572804038,
    "facial_stability_score": 0.9965036790737111
  },
  "eye_analysis": {
    "mean_eye_openness": 0.3328742668512175,
    "eye_openness_std": 0.06355991972983943,
    "low_openness_episodes": 10,
    "blink_frequency": 21.34563803078652,
    "mean_asymmetry": 0.017641637235826894,
    "high_asymmetry_episodes": 3,
    "eye_fatigue_trend": -0.00047291313015561593,
    "eye_stability": 0.9877725913482628,
    "sustained_attention_score": 0.7505575699618504,
    "perclos": 0.08,
    "blink_rate_horizon_seconds": 9.240118980407715
  },
  "posture_analysis": {
    "mean_shoulder_height": 0.9632524466514587,
    "shoulder_height_std": 0.0012791479905499485,
    "shoulder_tension_trend": -1.273633045664212e-05,
    "mean_shoulder_asymmetry": 0.032088214556376136,
    "high_asymmetry_episodes": 80,
    "mean_head_distance": 0.3327956024805705,
    "head_forward_episodes": 0,
    "posture_stability": 0.9987224861387387,
    "movement_intensity": 0.019064974685474325
  },
  "behavioral_patterns": {
    "breathing_jaw_correlation": -0.19490623760892567,
    "breathing_eye_correlation": -0.0880122998137321,
    "jaw_eye_correlation": 0.10398811598962807,
    "physiological_coherence": 0.12896888447076194,
    "stress_response_coordination": 1.0,
    "behavioral_volatility": 0.3277630098846716
  }
}