{
  "window_id": 4,
  "timestamp_start": 1755849417.300214,
  "timestamp_end": 1755849421.81355,
  "duration_seconds": 4.513335943222046,
  "frame_count": 150,
  "valid_frames": 150,
  "estimated_fps": 33.23484045659491,
  "breathing_analysis": {
    "mean_bpm": 33.6226692199707,
    "median_bpm": 24.700000762939453,
    "mode_bpm": 46.459999999999994,
    "bpm_std": 13.280973434448242,
    "bpm_range": 33.400001525878906,
    "bpm_iqr": 27.299999237060547,
    "mean_confidence": 0.328139990568161,
    "confidence_stability": 0.9284966140985489,
    "mean_variability": 6.559552192687988,
    "bpm_trend": 0.1607488332814791,
    "bpm_acceleration": 0.0027027027027026933,
    "max_bpm": 49.79999923706055,
    "min_bpm": 16.399999618530273,
    "bpm_spikes": 0,
    "time_slow_breathing": 0.0,
    "time_normal_breathing": 0.04666666666666667,
    "time_fast_breathing": 0.9533333333333334
  },
  "facial_analysis": {
    "mean_jaw_width": 0.08468210717042288,
    "jaw_width_std": 0.006435272812121826,
    "jaw_tension_episodes": 7,
    "mean_mouth_curvature": 0.0022398767570654564,
    "smile_frequency": 0.29333333333333333,
    "frown_frequency": 0.0,
    "expression_stability": 0.997887563045374,
    "mean_eyebrow_height": 0.5185286161601544,
    "eyebrow_height_std": 0.006316682767383082,
    "eyebrow_tension_episodes": 0,
    "facial_movement_intensity": 0.2043261974816442,
    "facial_stability_score": 0.9951072488110767
  },
  "eye_analysis": {
    "mean_eye_openness": 0.32058279662272204,
    "eye_openness_std": 0.05461217249968951,
    "low_openness_episodes": 5,
    "blink_frequency": 9.920847897491019,
    "mean_asymmetry": 0.017530048217598918,
    "high_asymmetry_episodes": 1,
    "eye_fatigue_trend": -0.00041903595863779014,
    "eye_stability": 0.9890063835355893,
    "sustained_attention_score": 0.7494801919684778,
    "perclos": 0.07666666666666666,
    "blink_rate_horizon_seconds": 9.155288934707642
  },
  "posture_analysis": {
    "mean_shoulder_height": 0.9573970490694046,
    "shoulder_height_std": 0.0017109610267389795,
    "shoulder_tension_trend": 3.0003797107767437e-05,
    "mean_shoulder_asymmetry": 0.023610180616378783,
    "high_asymmetry_episodes": 0,
    "mean_head_distance": 0.31494394918282825,
    "head_forward_episodes": 0,
    "posture_stability": 0.9982919613608049,
    "movement_intensity": 0.030880533979916757
  },
  "behavioral_patterns": {
    "breathing_jaw_correlation": 0.3744985401901499,
    "breathing_eye_correlation": -0.4085885947933563,
    "jaw_eye_correlation": -0.3314619911754636,
    "physiological_coherence": 0.37151637538632326,
    "stress_response_coordination": 0.09333333333333334,
    "behavioral_volatility": 1.9158279860521281
  }
}