{
  "window_id": 19,
  "timestamp_start": 1755843031.312194,
  "timestamp_end": 1755843036.0145762,
  "duration_seconds": 4.7023820877075195,
  "frame_count": 150,
  "valid_frames": 150,
  "estimated_fps": 31.898726475697174,
  "breathing_analysis": {
    "mean_bpm": 27.613332748413086,
    "median_bpm": 15.399999618530273,
    "mode_bpm": 12.7,
    "bpm_std": 17.29840087890625,
    "bpm_range": 37.29999923706055,
    "bpm_iqr": 36.19999980926514,
    "mean_confidence": 0.12982000410556793,
    "confidence_stability": 0.9483240805566311,
    "mean_variability": 9.57763671875,
    "bpm_trend": 0.08829014622872129,
    "bpm_acceleration": -0.0006756756756757212,
    "max_bpm": 50.0,
    "min_bpm": 12.699999809265137,
    "bpm_spikes": 0,
    "time_slow_breathing": 0.0,
    "time_normal_breathing": 0.6266666666666667,
    "time_fast_breathing": 0.37333333333333335
  },
  "facial_analysis": {
    "mean_jaw_width": 0.09347653826077779,
    "jaw_width_std": 8.825319256334472e-05,
    "jaw_tension_episodes": 22,
    "mean_mouth_curvature": 0.010473112980524701,
    "smile_frequency": 0.3333333333333333,
    "frown_frequency": 0.0,
    "expression_stability": 0.999964326847572,
    "mean_eyebrow_height": 0.5988411141832669,
    "eyebrow_height_std": 7.121000673026916e-05,
    "eyebrow_tension_episodes": 0,
    "facial_movement_intensity": 0.04957416714578677,
    "facial_stability_score": 0.9999349592597498
  },
  "eye_analysis": {
    "mean_eye_openness": 0.3158925282461173,
    "eye_openness_std": 0.0007423398072057436,
    "low_openness_episodes": 0,
    "blink_frequency": 14.177211766976521,
    "mean_asymmetry": 0.04284539811608653,
    "high_asymmetry_episodes": 0,
    "eye_fatigue_trend": 3.4407023978718748e-06,
    "eye_stability": 0.999168148821178,
    "sustained_attention_score": 0.7574349301076083,
    "perclos": 0.0,
    "blink_rate_horizon_seconds": 9.650776147842407
  },
  "posture_analysis": {
    "mean_shoulder_height": 0.8642020519574484,
    "shoulder_height_std": 0.00010449225330452573,
    "shoulder_tension_trend": 1.536946258756122e-06,
    "mean_shoulder_asymmetry": 0.060318954785664874,
    "high_asymmetry_episodes": 150,
    "mean_head_distance": 0.15715544462203979,
    "head_forward_episodes": 0,
    "posture_stability": 0.9998955186641858,
    "movement_intensity": 0.0013060261677808654
  },
  "behavioral_patterns": {
    "breathing_jaw_correlation": -0.1380073358905048,
    "breathing_eye_correlation": -0.13383292514407985,
    "jaw_eye_correlation": 0.5464758546070325,
    "physiological_coherence": 0.2727720385472057,
    "stress_response_coordination": 0.0,
    "behavioral_volatility": 2.012808632875594
  }
}