{
  "window_id": 3,
  "timestamp_start": 1755842951.311264,
  "timestamp_end": 1755842955.686822,
  "duration_seconds": 4.375557899475098,
  "frame_count": 150,
  "valid_frames": 150,
  "estimated_fps": 34.28134273300197,
  "breathing_analysis": {
    "mean_bpm": 41.09733581542969,
    "median_bpm": 46.099998474121094,
    "mode_bpm": 42.6,
    "bpm_std": 11.686522483825684,
    "bpm_range": 37.0,
    "bpm_iqr": 1.0999984741210938,
    "mean_confidence": 0.36129337549209595,
    "confidence_stability": 0.7901147603988647,
    "mean_variability": 7.050427436828613,
    "bpm_trend": -0.07350655584692634,
    "bpm_acceleration": 0.0013513513513514666,
    "max_bpm": 50.0,
    "min_bpm": 13.0,
    "bpm_spikes": 0,
    "time_slow_breathing": 0.0,
    "time_normal_breathing": 0.18,
    "time_fast_breathing": 0.82
  },
  "facial_analysis": {
    "mean_jaw_width": 0.09348351160685221,
    "jaw_width_std": 7.982439464817118e-05,
    "jaw_tension_episodes": 25,
    "mean_mouth_curvature": 0.010474226196606956,
    "smile_frequency": 0.26,
    "frown_frequency": 0.0,
    "expression_stability": 0.999962621166697,
    "mean_eyebrow_height": 0.59884007726113,
    "eyebrow_height_std": 6.722696046562549e-05,
    "eyebrow_tension_episodes": 0,
    "facial_movement_intensity": 0.04623201273575003,
    "facial_stability_score": 0.9999385273664313
  },
  "eye_analysis": {
    "mean_eye_openness": 0.31594194521142355,
    "eye_openness_std": 0.0006614372675401846,
    "low_openness_episodes": 0,
    "blink_frequency": 20.165495725295276,
    "mean_asymmetry": 0.042789627373104044,
    "high_asymmetry_episodes": 0,
    "eye_fatigue_trend": 3.5897252269062333e-06,
    "eye_stability": 0.9991956788283515,
    "sustained_attention_score": 0.7574969601902598,
    "perclos": 0.0,
    "blink_rate_horizon_seconds": 9.0412278175354
  },
  "posture_analysis": {
    "mean_shoulder_height": 0.8539190290371577,
    "shoulder_height_std": 0.001125289576359147,
    "shoulder_tension_trend": -2.9388214885958108e-06,
    "mean_shoulder_asymmetry": 0.05825639446576436,
    "high_asymmetry_episodes": 150,
    "mean_head_distance": 0.1328426323334376,
    "head_forward_episodes": 0,
    "posture_stability": 0.9988759752769453,
    "movement_intensity": 0.03024588258308766
  },
  "behavioral_patterns": {
    "breathing_jaw_correlation": -0.013314193309727718,
    "breathing_eye_correlation": -0.06482607181737694,
    "jaw_eye_correlation": 0.5718234777791855,
    "physiological_coherence": 0.21665458096876342,
    "stress_response_coordination": 0.0,
    "behavioral_volatility": 2.34910311638218
  }
}