{
  "window_id": 7,
  "timestamp_start": 1755849432.242078,
  "timestamp_end": 1755849436.8522692,
  "duration_seconds": 4.610191106796265,
  "frame_count": 150,
  "valid_frames": 150,
  "estimated_fps": 32.536612154509726,
  "breathing_analysis": {
    "mean_bpm": 43.7053337097168,
    "median_bpm": 49.20000076293945,
    "mode_bpm": 46.339999999999996,
    "bpm_std": 13.193638801574707,
    "bpm_range": 36.599998474121094,
    "bpm_iqr": 0.7999992370605469,
    "mean_confidence": 0.23105330765247345,
    "confidence_stability": 0.9168726429343224,
    "mean_variability": 5.492003917694092,
    "bpm_trend": 0.17344415307347,
    "bpm_acceleration": -3.600723323108616e-17,
    "max_bpm": 50.0,
    "min_bpm": 13.399999618530273,
    "bpm_spikes": 0,
    "time_slow_breathing": 0.0,
    "time_normal_breathing": 0.16666666666666666,
    "time_fast_breathing": 0.8333333333333334
  },
  "facial_analysis": {
    "mean_jaw_width": 0.07999954442183177,
    "jaw_width_std": 0.0019535699870361785,
    "jaw_tension_episodes": 35,
    "mean_mouth_curvature": 0.002460114816824593,
    "smile_frequency": 0.20666666666666667,
    "frown_frequency": 0.0,
    "expression_stability": 0.9990135262842422,
    "mean_eyebrow_height": 0.5319330655038357,
    "eyebrow_height_std": 0.006777363359331927,
    "eyebrow_tension_episodes": 0,
    "facial_movement_intensity": 0.09873450220174682,
    "facial_stability_score": 0.9967776658504084
  },
  "eye_analysis": {
    "mean_eye_openness": 0.3352049463833286,
    "eye_openness_std": 0.05958741952658259,
    "low_openness_episodes": 5,
    "blink_frequency": 6.40501254911229,
    "mean_asymmetry": 0.015525906463606506,
    "high_asymmetry_episodes": 6,
    "eye_fatigue_trend": -8.775286143447014e-05,
    "eye_stability": 0.9858652198018277,
    "sustained_attention_score": 0.7533638734643798,
    "perclos": 0.05333333333333334,
    "blink_rate_horizon_seconds": 9.367663145065308
  },
  "posture_analysis": {
    "mean_shoulder_height": 0.9625380633274714,
    "shoulder_height_std": 0.00042977625724056813,
    "shoulder_tension_trend": -7.017712957822867e-07,
    "mean_shoulder_asymmetry": 0.027377060651779174,
    "high_asymmetry_episodes": 8,
    "mean_head_distance": 0.3067993356784185,
    "head_forward_episodes": 0,
    "posture_stability": 0.9995704083710419,
    "movement_intensity": 0.015702967143740455
  },
  "behavioral_patterns": {
    "breathing_jaw_correlation": 0.7231800496901766,
    "breathing_eye_correlation": -0.21977374202444325,
    "jaw_eye_correlation": -0.0892948738223052,
    "physiological_coherence": 0.34408288851230834,
    "stress_response_coordination": 0.19333333333333333,
    "behavioral_volatility": 1.4172875816905863
  }
}