{
  "window_id": 15,
  "timestamp_start": 1755849472.404358,
  "timestamp_end": 1755849477.0185852,
  "duration_seconds": 4.614227294921875,
  "frame_count": 150,
  "valid_frames": 150,
  "estimated_fps": 32.50815150893855,
  "breathing_analysis": {
    "mean_bpm": 40.7413330078125,
    "median_bpm": 50.0,
    "mode_bpm": 46.269999999999996,
    "bpm_std": 14.269552230834961,
    "bpm_range": 37.29999923706055,
    "bpm_iqr": 6.200000762939453,
    "mean_confidence": 0.16344667971134186,
    "confidence_stability": 0.9120063930749893,
    "mean_variability": 9.069005012512207,
    "bpm_trend": 0.0033821947642116916,
    "bpm_acceleration": 0.010135135135135111,
    "max_bpm": 50.0,
    "min_bpm": 12.699999809265137,
    "bpm_spikes": 0,
    "time_slow_breathing": 0.0,
    "time_normal_breathing": 0.22,
    "time_fast_breathing": 0.78
  },
  "facial_analysis": {
    "mean_jaw_width": 0.0711717140674591,
    "jaw_width_std": 0.004628915205344094,
    "jaw_tension_episodes": 25,
    "mean_mouth_curvature": -0.001089681873718896,
    "smile_frequency": 0.10666666666666667,
    "frown_frequency": 0.42,
    "expression_stability": 0.9978851476045834,
    "mean_eyebrow_height": 0.5357440681060155,
    "eyebrow_height_std": 0.0059834993048776715,
    "eyebrow_tension_episodes": 0,
    "facial_movement_intensity": 0.17881304468209552,
    "facial_stability_score": 0.996248477613384
  },
  "eye_analysis": {
    "mean_eye_openness": 0.3502249232689357,
    "eye_openness_std": 0.014026304364173212,
    "low_openness_episodes": 0,
    "blink_frequency": 6.386240420667536,
    "mean_asymmetry": 0.027787749677053806,
    "high_asymmetry_episodes": 3,
    "eye_fatigue_trend": -0.00019293170535511825,
    "eye_stability": 0.9868308149863453,
    "sustained_attention_score": 0.7694702897425696,
    "perclos": 0.0,
    "blink_rate_horizon_seconds": 9.395199060440063
  },
  "posture_analysis": {
    "mean_shoulder_height": 0.961298234462738,
    "shoulder_height_std": 0.0017500600421649988,
    "shoulder_tension_trend": 3.7793976671725545e-05,
    "mean_shoulder_asymmetry": 0.027665970325469972,
    "high_asymmetry_episodes": 25,
    "mean_head_distance": 0.2986327620347341,
    "head_forward_episodes": 0,
    "posture_stability": 0.9982529973174235,
    "movement_intensity": 0.019595386755468923
  },
  "behavioral_patterns": {
    "breathing_jaw_correlation": 0.18859747928664827,
    "breathing_eye_correlation": -0.011066535589670953,
    "jaw_eye_correlation": -0.036931950393698496,
    "physiological_coherence": 0.07886532175667259,
    "stress_response_coordination": 0.7533333333333333,
    "behavioral_volatility": 2.897638146740443
  }
}