{
  "window_id": 21,
  "timestamp_start": 1755843041.4692638,
  "timestamp_end": 1755843046.039992,
  "duration_seconds": 4.570728302001953,
  "frame_count": 150,
  "valid_frames": 150,
  "estimated_fps": 32.817527118008925,
  "breathing_analysis": {
    "mean_bpm": 29.1200008392334,
    "median_bpm": 15.850000381469727,
    "mode_bpm": 12.5,
    "bpm_std": 17.549684524536133,
    "bpm_range": 37.5,
    "bpm_iqr": 36.0,
    "mean_confidence": 0.1254066526889801,
    "confidence_stability": 0.9382958561182022,
    "mean_variability": 9.215866088867188,
    "bpm_trend": -0.04511347170985367,
    "bpm_acceleration": 1.5603134400137336e-16,
    "max_bpm": 50.0,
    "min_bpm": 12.5,
    "bpm_spikes": 0,
    "time_slow_breathing": 0.0,
    "time_normal_breathing": 0.5866666666666667,
    "time_fast_breathing": 0.41333333333333333
  },
  "facial_analysis": {
    "mean_jaw_width": 0.09347174207369487,
    "jaw_width_std": 7.904583984410276e-05,
    "jaw_tension_episodes": 27,
    "mean_mouth_curvature": 0.010459511697292328,
    "smile_frequency": 0.29333333333333333,
    "frown_frequency": 0.0,
    "expression_stability": 0.9999671839931298,
    "mean_eyebrow_height": 0.5988382270733514,
    "eyebrow_height_std": 8.260647909124278e-05,
    "eyebrow_tension_episodes": 0,
    "facial_movement_intensity": 0.05159500951427815,
    "facial_stability_score": 0.9999351819406891
  },
  "eye_analysis": {
    "mean_eye_openness": 0.31571290781060224,
    "eye_openness_std": 0.0007392305597174726,
    "low_openness_episodes": 0,
    "blink_frequency": 0.0,
    "mean_asymmetry": 0.04292405694621211,
    "high_asymmetry_episodes": 0,
    "eye_fatigue_trend": -2.1679723463279996e-06,
    "eye_stability": 0.999267716706689,
    "sustained_attention_score": 0.7573498734348908,
    "perclos": 0.0,
    "blink_rate_horizon_seconds": 9.397106170654297
  },
  "posture_analysis": {
    "mean_shoulder_height": 0.864150515794754,
    "shoulder_height_std": 4.770976141548286e-05,
    "shoulder_tension_trend": -1.0718037866608927e-07,
    "mean_shoulder_asymmetry": 0.06068262100219726,
    "high_asymmetry_episodes": 150,
    "mean_head_distance": 0.15715728759765624,
    "head_forward_episodes": 0,
    "posture_stability": 0.9999522925146972,
    "movement_intensity": 0.0008285338491752062
  },
  "behavioral_patterns": {
    "breathing_jaw_correlation": 0.14689302956991712,
    "breathing_eye_correlation": 0.11665536730753887,
    "jaw_eye_correlation": 0.5160952727006932,
    "physiological_coherence": 0.2598812231927164,
    "stress_response_coordination": 0.0,
    "behavioral_volatility": 2.025444525377813
  }
}