{
  "window_id": 14,
  "timestamp_start": 1755843006.1680708,
  "timestamp_end": 1755843010.823283,
  "duration_seconds": 4.655212163925171,
  "frame_count": 150,
  "valid_frames": 150,
  "estimated_fps": 32.22194708168217,
  "breathing_analysis": {
    "mean_bpm": 32.11666488647461,
    "median_bpm": 40.45000076293945,
    "mode_bpm": 13.0,
    "bpm_std": 16.460983276367188,
    "bpm_range": 37.0,
    "bpm_iqr": 35.80000019073486,
    "mean_confidence": 0.15734000504016876,
    "confidence_stability": 0.9440540932118893,
    "mean_variability": 10.467122077941895,
    "bpm_trend": -0.12857300324458834,
    "bpm_acceleration": 0.0,
    "max_bpm": 50.0,
    "min_bpm": 13.0,
    "bpm_spikes": 0,
    "time_slow_breathing": 0.0,
    "time_normal_breathing": 0.4533333333333333,
    "time_fast_breathing": 0.5466666666666666
  },
  "facial_analysis": {
    "mean_jaw_width": 0.09346295158068339,
    "jaw_width_std": 7.162577223496027e-05,
    "jaw_tension_episodes": 21,
    "mean_mouth_curvature": 0.01045200322071711,
    "smile_frequency": 0.32,
    "frown_frequency": 0.0,
    "expression_stability": 0.9999629476206231,
    "mean_eyebrow_height": 0.5988328122297923,
    "eyebrow_height_std": 8.547536332527062e-05,
    "eyebrow_tension_episodes": 0,
    "facial_movement_intensity": 0.04853718034212321,
    "facial_stability_score": 0.999935286764396
  },
  "eye_analysis": {
    "mean_eye_openness": 0.3156420482529665,
    "eye_openness_std": 0.0008460361926246247,
    "low_openness_episodes": 0,
    "blink_frequency": 35.8021634240913,
    "mean_asymmetry": 0.042951456320291355,
    "high_asymmetry_episodes": 0,
    "eye_fatigue_trend": 7.242950691766307e-07,
    "eye_stability": 0.9991931537253314,
    "sustained_attention_score": 0.7572815185800169,
    "perclos": 0.0,
    "blink_rate_horizon_seconds": 9.517906904220581
  },
  "posture_analysis": {
    "mean_shoulder_height": 0.8643444842100143,
    "shoulder_height_std": 0.0008710991677033008,
    "shoulder_tension_trend": -1.9919439879373568e-05,
    "mean_shoulder_asymmetry": 0.06301455458005269,
    "high_asymmetry_episodes": 150,
    "mean_head_distance": 0.14619249920050303,
    "head_forward_episodes": 0,
    "posture_stability": 0.99912965898563,
    "movement_intensity": 0.0023366573864349732
  },
  "behavioral_patterns": {
    "breathing_jaw_correlation": -0.1638930305943215,
    "breathing_eye_correlation": -0.0962398731474635,
    "jaw_eye_correlation": 0.484272225849186,
    "physiological_coherence": 0.24813504319699034,
    "stress_response_coordination": 0.0,
    "behavioral_volatility": 2.3412231330823086
  }
}