{
  "window_id": 2,
  "timestamp_start": 1755849407.138047,
  "timestamp_end": 1755849411.7789419,
  "duration_seconds": 4.640894889831543,
  "frame_count": 150,
  "valid_frames": 150,
  "estimated_fps": 32.32135257548243,
  "breathing_analysis": {
    "mean_bpm": 33.22732925415039,
    "median_bpm": 36.20000076293945,
    "mode_bpm": 35.28,
    "bpm_std": 9.764691352844238,
    "bpm_range": 36.79999923706055,
    "bpm_iqr": 0.0,
    "mean_confidence": 0.4527999758720398,
    "confidence_stability": 0.8252279907464981,
    "mean_variability": 3.7173969745635986,
    "bpm_trend": -0.12545073114360625,
    "bpm_acceleration": 0.050675675675675665,
    "max_bpm": 50.0,
    "min_bpm": 13.199999809265137,
    "bpm_spikes": 0,
    "time_slow_breathing": 0.0,
    "time_normal_breathing": 0.18,
    "time_fast_breathing": 0.82
  },
  "facial_analysis": {
    "mean_jaw_width": 0.07804603616396587,
    "jaw_width_std": 0.00117595422267407,
    "jaw_tension_episodes": 23,
    "mean_mouth_curvature": -0.001310124566157657,
    "smile_frequency": 0.0,
    "frown_frequency": 0.4533333333333333,
    "expression_stability": 0.9991562258300851,
    "mean_eyebrow_height": 0.5038245162665843,
    "eyebrow_height_std": 0.002415194067376851,
    "eyebrow_tension_episodes": 0,
    "facial_movement_intensity": 0.15118886700356812,
    "facial_stability_score": 0.998758857106318
  },
  "eye_analysis": {
    "mean_eye_openness": 0.36467554345076036,
    "eye_openness_std": 0.060129262143575245,
    "low_openness_episodes": 8,
    "blink_frequency": 12.842921553171827,
    "mean_asymmetry": 0.030007764480070507,
    "high_asymmetry_episodes": 23,
    "eye_fatigue_trend": -0.00010192371827182923,
    "eye_stability": 0.9834864674977252,
    "sustained_attention_score": 0.7581795056090382,
    "perclos": 0.13666666666666666,
    "blink_rate_horizon_seconds": 9.350539922714233
  },
  "posture_analysis": {
    "mean_shoulder_height": 0.9502551406621933,
    "shoulder_height_std": 0.004125233423599593,
    "shoulder_tension_trend": 8.317916079295282e-05,
    "mean_shoulder_asymmetry": 0.02758670210838318,
    "high_asymmetry_episodes": 53,
    "mean_head_distance": 0.3243299780289332,
    "head_forward_episodes": 0,
    "posture_stability": 0.9958917142142376,
    "movement_intensity": 0.03239351589658133
  },
  "behavioral_patterns": {
    "breathing_jaw_correlation": -0.2601513838367787,
    "breathing_eye_correlation": 0.07954547909785685,
    "jaw_eye_correlation": 0.10087957000450092,
    "physiological_coherence": 0.14685881097971218,
    "stress_response_coordination": 0.76,
    "behavioral_volatility": 1.0778017434286682
  }
}