{
  "window_id": 5,
  "timestamp_start": 1755842961.343023,
  "timestamp_end": 1755842965.704187,
  "duration_seconds": 4.361163854598999,
  "frame_count": 150,
  "valid_frames": 150,
  "estimated_fps": 34.39448848999787,
  "breathing_analysis": {
    "mean_bpm": 39.48400115966797,
    "median_bpm": 44.599998474121094,
    "mode_bpm": 42.64,
    "bpm_std": 10.97374439239502,
    "bpm_range": 36.79999923706055,
    "bpm_iqr": 0.0,
    "mean_confidence": 0.26739999651908875,
    "confidence_stability": 0.9150552302598953,
    "mean_variability": 4.69118070602417,
    "bpm_trend": -0.029024578870171812,
    "bpm_acceleration": 0.21689189189189184,
    "max_bpm": 50.0,
    "min_bpm": 13.199999809265137,
    "bpm_spikes": 0,
    "time_slow_breathing": 0.0,
    "time_normal_breathing": 0.16666666666666666,
    "time_fast_breathing": 0.8333333333333334
  },
  "facial_analysis": {
    "mean_jaw_width": 0.09348257223765055,
    "jaw_width_std": 8.492181881759701e-05,
    "jaw_tension_episodes": 23,
    "mean_mouth_curvature": 0.010469737042983375,
    "smile_frequency": 0.32666666666666666,
    "frown_frequency": 0.0,
    "expression_stability": 0.9999673726749678,
    "mean_eyebrow_height": 0.5988445659279823,
    "eyebrow_height_std": 7.685950365924306e-05,
    "eyebrow_tension_episodes": 0,
    "facial_movement_intensity": 0.051497108307033614,
    "facial_stability_score": 0.9999352018450102
  },
  "eye_analysis": {
    "mean_eye_openness": 0.3158280989091996,
    "eye_openness_std": 0.0006211072697742747,
    "low_openness_episodes": 0,
    "blink_frequency": 0.0,
    "mean_asymmetry": 0.04281511499743692,
    "high_asymmetry_episodes": 0,
    "eye_fatigue_trend": 4.1255316929037256e-07,
    "eye_stability": 0.9992564531773895,
    "sustained_attention_score": 0.7574639588806628,
    "perclos": 0.0,
    "blink_rate_horizon_seconds": 9.1784029006958
  },
  "posture_analysis": {
    "mean_shoulder_height": 0.8551156214872996,
    "shoulder_height_std": 0.001330122796830746,
    "shoulder_tension_trend": 1.9395410222494654e-06,
    "mean_shoulder_asymmetry": 0.05326007525126139,
    "high_asymmetry_episodes": 150,
    "mean_head_distance": 0.1320866592725118,
    "head_forward_episodes": 0,
    "posture_stability": 0.9986716440796611,
    "movement_intensity": 0.03290195138636055
  },
  "behavioral_patterns": {
    "breathing_jaw_correlation": -0.011502698069215373,
    "breathing_eye_correlation": -0.023361526316491056,
    "jaw_eye_correlation": 0.6063406077966198,
    "physiological_coherence": 0.21373494406077542,
    "stress_response_coordination": 0.0,
    "behavioral_volatility": 1.5455481595653782
  }
}