{
  "window_id": 6,
  "timestamp_start": 1755849427.359191,
  "timestamp_end": 1755849431.841179,
  "duration_seconds": 4.481987953186035,
  "frame_count": 150,
  "valid_frames": 150,
  "estimated_fps": 33.46729209599326,
  "breathing_analysis": {
    "mean_bpm": 43.26933288574219,
    "median_bpm": 42.400001525878906,
    "mode_bpm": 39.02,
    "bpm_std": 6.36004114151001,
    "bpm_range": 36.599998474121094,
    "bpm_iqr": 0.0,
    "mean_confidence": 0.2906533181667328,
    "confidence_stability": 0.959648709744215,
    "mean_variability": 4.544076919555664,
    "bpm_trend": 0.05548477710120464,
    "bpm_acceleration": -2.400482215405744e-17,
    "max_bpm": 50.0,
    "min_bpm": 13.399999618530273,
    "bpm_spikes": 0,
    "time_slow_breathing": 0.0,
    "time_normal_breathing": 0.03333333333333333,
    "time_fast_breathing": 0.9666666666666667
  },
  "facial_analysis": {
    "mean_jaw_width": 0.07883024156093597,
    "jaw_width_std": 0.0075145156630443835,
    "jaw_tension_episodes": 43,
    "mean_mouth_curvature": 0.0018087062438329035,
    "smile_frequency": 0.3333333333333333,
    "frown_frequency": 0.0,
    "expression_stability": 0.9988005236937132,
    "mean_eyebrow_height": 0.5219062882165114,
    "eyebrow_height_std": 0.004720094739929123,
    "eyebrow_tension_episodes": 0,
    "facial_movement_intensity": 0.17181307821588307,
    "facial_stability_score": 0.9955882557673928
  },
  "eye_analysis": {
    "mean_eye_openness": 0.35161343521246174,
    "eye_openness_std": 0.057641662702744165,
    "low_openness_episodes": 5,
    "blink_frequency": 0.0,
    "mean_asymmetry": 0.029688739528848818,
    "high_asymmetry_episodes": 21,
    "eye_fatigue_trend": 0.0007598523580975619,
    "eye_stability": 0.982028259024836,
    "sustained_attention_score": 0.7547610109936228,
    "perclos": 0.02,
    "blink_rate_horizon_seconds": 9.323055982589722
  },
  "posture_analysis": {
    "mean_shoulder_height": 0.9613170184691747,
    "shoulder_height_std": 0.0025610900982413003,
    "shoulder_tension_trend": 5.4038240091605614e-05,
    "mean_shoulder_asymmetry": 0.028373217185338338,
    "high_asymmetry_episodes": 71,
    "mean_head_distance": 0.31709807852904004,
    "head_forward_episodes": 0,
    "posture_stability": 0.9974454523285056,
    "movement_intensity": 0.026656498320799367
  },
  "behavioral_patterns": {
    "breathing_jaw_correlation": -0.063016991635022,
    "breathing_eye_correlation": 0.13520642006588307,
    "jaw_eye_correlation": -0.6072945940051977,
    "physiological_coherence": 0.2685060019020343,
    "stress_response_coordination": 0.5466666666666666,
    "behavioral_volatility": 1.3230115971615626
  }
}