{
  "window_id": 12,
  "timestamp_start": 1755842996.265534,
  "timestamp_end": 1755843000.7543008,
  "duration_seconds": 4.48876690864563,
  "frame_count": 150,
  "valid_frames": 150,
  "estimated_fps": 33.41674964478355,
  "breathing_analysis": {
    "mean_bpm": 22.40999984741211,
    "median_bpm": 20.599998474121094,
    "mode_bpm": 12.2,
    "bpm_std": 8.697783470153809,
    "bpm_range": 37.79999923706055,
    "bpm_iqr": 10.924999713897705,
    "mean_confidence": 0.28880664706230164,
    "confidence_stability": 0.7902561277151108,
    "mean_variability": 7.789154529571533,
    "bpm_trend": 0.05871958753722393,
    "bpm_acceleration": -0.0040540540540541115,
    "max_bpm": 50.0,
    "min_bpm": 12.199999809265137,
    "bpm_spikes": 8,
    "time_slow_breathing": 0.0,
    "time_normal_breathing": 0.5,
    "time_fast_breathing": 0.5
  },
  "facial_analysis": {
    "mean_jaw_width": 0.09348105351130168,
    "jaw_width_std": 8.086658165456901e-05,
    "jaw_tension_episodes": 30,
    "mean_mouth_curvature": 0.010466062804063163,
    "smile_frequency": 0.32,
    "frown_frequency": 0.0,
    "expression_stability": 0.999965508863746,
    "mean_eyebrow_height": 0.5988403069575629,
    "eyebrow_height_std": 7.761996749519811e-05,
    "eyebrow_tension_episodes": 0,
    "facial_movement_intensity": 0.049182303942368354,
    "facial_stability_score": 0.9999356786891536
  },
  "eye_analysis": {
    "mean_eye_openness": 0.3157724222601761,
    "eye_openness_std": 0.0007375436788801473,
    "low_openness_episodes": 0,
    "blink_frequency": 30.37886331343959,
    "mean_asymmetry": 0.042905906545133765,
    "high_asymmetry_episodes": 0,
    "eye_fatigue_trend": 6.234122502187777e-07,
    "eye_stability": 0.9991421963262153,
    "sustained_attention_score": 0.757376324012054,
    "perclos": 0.0,
    "blink_rate_horizon_seconds": 9.335888862609863
  },
  "posture_analysis": {
    "mean_shoulder_height": 0.8678177171945571,
    "shoulder_height_std": 0.00030243989086176424,
    "shoulder_tension_trend": -1.4821123168641456e-07,
    "mean_shoulder_asymmetry": 0.06624176859855652,
    "high_asymmetry_episodes": 150,
    "mean_head_distance": 0.150142493446668,
    "head_forward_episodes": 0,
    "posture_stability": 0.99969765155137,
    "movement_intensity": 0.004617750795645871
  },
  "behavioral_patterns": {
    "breathing_jaw_correlation": 0.07413155961404558,
    "breathing_eye_correlation": 0.00018990832223365854,
    "jaw_eye_correlation": 0.5935792203560127,
    "physiological_coherence": 0.22263356276409732,
    "stress_response_coordination": 0.0,
    "behavioral_volatility": 1.8079762671079707
  }
}