{
  "window_id": 9,
  "timestamp_start": 1755849442.43646,
  "timestamp_end": 1755849446.9164522,
  "duration_seconds": 4.479992151260376,
  "frame_count": 150,
  "valid_frames": 150,
  "estimated_fps": 33.48220151631289,
  "breathing_analysis": {
    "mean_bpm": 41.96200180053711,
    "median_bpm": 44.20000076293945,
    "mode_bpm": 42.519999999999996,
    "bpm_std": 9.30964183807373,
    "bpm_range": 37.400001525878906,
    "bpm_iqr": 0.0,
    "mean_confidence": 0.25675997138023376,
    "confidence_stability": 0.9222027733922005,
    "mean_variability": 5.586909770965576,
    "bpm_trend": -0.048900128894617485,
    "bpm_acceleration": 1.4402893292434464e-16,
    "max_bpm": 50.0,
    "min_bpm": 12.600000381469727,
    "bpm_spikes": 0,
    "time_slow_breathing": 0.0,
    "time_normal_breathing": 0.08,
    "time_fast_breathing": 0.92
  },
  "facial_analysis": {
    "mean_jaw_width": 0.07652444124221802,
    "jaw_width_std": 0.0019426844721482461,
    "jaw_tension_episodes": 30,
    "mean_mouth_curvature": -0.0006843933165073398,
    "smile_frequency": 0.0,
    "frown_frequency": 0.26,
    "expression_stability": 0.9990370641588276,
    "mean_eyebrow_height": 0.5113695602019628,
    "eyebrow_height_std": 0.006690172972015877,
    "eyebrow_tension_episodes": 0,
    "facial_movement_intensity": 0.09386232920400792,
    "facial_stability_score": 0.9970210587896453
  },
  "eye_analysis": {
    "mean_eye_openness": 0.3766221337903888,
    "eye_openness_std": 0.060186968740050126,
    "low_openness_episodes": 5,
    "blink_frequency": 17.77816009715729,
    "mean_asymmetry": 0.018106628060007606,
    "high_asymmetry_episodes": 6,
    "eye_fatigue_trend": -0.0007492752982872638,
    "eye_stability": 0.9865666220224235,
    "sustained_attention_score": 0.7661095123301104,
    "perclos": 0.043333333333333335,
    "blink_rate_horizon_seconds": 9.173864364624023
  },
  "posture_analysis": {
    "mean_shoulder_height": 0.9615284605820974,
    "shoulder_height_std": 0.0015233422433933617,
    "shoulder_tension_trend": -2.5590965125687072e-05,
    "mean_shoulder_asymmetry": 0.03132264931996664,
    "high_asymmetry_episodes": 108,
    "mean_head_distance": 0.3249872879187266,
    "head_forward_episodes": 0,
    "posture_stability": 0.9984789747985493,
    "movement_intensity": 0.021346408246001463
  },
  "behavioral_patterns": {
    "breathing_jaw_correlation": 0.23402497568874286,
    "breathing_eye_correlation": 0.1974153335311725,
    "jaw_eye_correlation": 0.6001590832414196,
    "physiological_coherence": 0.3438664641537783,
    "stress_response_coordination": 0.9,
    "behavioral_volatility": 2.1535880433638526
  }
}